315.18,-1.3694834,9.816227,-1.5035586
315.19,-1.3311762,9.835381,-1.5801731
315.2,-1.1300632,9.864111,-1.6663644
315.21,-1.13964,9.844957,-1.7812861
315.22,-1.1875241,9.835381,-1.8483237
315.23,-1.1875241,9.883265,-1.8866309
315.24,-1.0342951,9.988609,-1.9632454
315.25,-0.7661445,9.883265,-1.9153614
315.26,-0.60333884,9.749189,-1.733402
315.27,-0.48841715,9.615114,-1.6663644
315.28,-0.4309563,9.576807,-1.4939818
315.29,-0.78529817,9.682152,-0.8331822
315.3,-1.5610195,9.797073,-0.12449849
315.31,-1.9632454,9.80665,0.22984336
315.32,-1.8195933,9.749189,-0.038307227
315.33,-1.13964,9.787497,-0.6703765
315.34,-0.37349546,9.768343,-1.1300632
315.35,0.16280572,9.615114,-1.4173675
315.36,0.19153613,9.394848,-1.6950948
315.37,-0.038307227,9.337387,-1.7429788
315.38,-0.15322891,9.32781,-1.8100165
315.39,0.12449849,9.279925,-1.8579005
315.4,0.9768343,9.155427,-2.078167
315.41,1.8195933,8.983045,-2.6431987
315.42,2.7389667,8.829816,-3.667917
315.43,2.7964275,8.963891,-4.8362875
315.44,1.3311762,9.433155,-3.6391866
315.45,-0.08619126,9.595961,-2.4516625
315.46,-1.1492168,9.758766,-1.8004397
315.47,-1.8674773,9.825804,-1.6280571
315.48,-2.1260512,9.998186,-1.4077905
315.49,-1.9249382,10.065224,-1.6663644
315.5,-1.3503298,10.093954,-2.0398598
315.51,-1.0630256,9.911995,-2.384625
315.52,-1.1204864,9.758766,-2.6144683
315.53,-1.3024458,9.749189,-2.681506
315.54,-1.4748282,9.739613,-2.7581203
315.55,-1.3024458,9.873688,-2.8060043
315.56,-0.93852705,9.80665,-2.719813
315.57,-0.6991069,9.615114,-2.815581
315.58,-0.51714754,9.576807,-2.7485435
315.59,-0.5267244,9.576807,-2.719813
315.6,-0.7278373,9.595961,-2.7102363
315.61,-0.8714894,9.624691,-2.7389667
315.62,-0.7278373,9.634268,-2.7389667
315.63,-0.545878,9.509769,-2.9592333
315.64,-0.41180268,9.423578,-3.083732
315.65,-0.4309563,9.414001,-3.122039
315.66,-0.5554548,9.394848,-3.074155
315.67,-0.7374141,9.3661175,-2.96881
315.68,-0.78529817,9.394848,-2.8634653
315.69,-0.8523358,9.404425,-2.9592333
315.7,-0.8523358,9.605537,-3.083732
315.71,-0.92895025,9.80665,-3.2082303
315.72,-1.1683705,9.787497,-3.2561142
315.73,-1.2641385,9.682152,-3.1316159
315.74,-1.4652514,9.624691,-3.1507695
315.75,-1.5897499,9.605537,-3.0071173
315.76,-1.532289,9.548077,-2.96881
315.77,-1.3599066,9.548077,-3.2561142
315.78,-1.388637,9.634268,-3.2369606
315.79,-1.4748282,9.586384,-3.2082303
315.8,-1.4748282,9.528923,-3.217807
315.81,-1.388637,9.5385,-3.1603463
315.82,-1.3694834,9.481039,-3.2561142
315.83,-1.2641385,9.461885,-3.2561142
315.84,-1.2545617,9.385271,-3.2561142
315.85,-1.2354081,9.433155,-3.265691
315.86,-1.283292,9.481039,-3.2465374
315.87,-1.4652514,9.423578,-3.2561142
315.88,-1.532289,9.385271,-3.3423057
315.89,-1.532289,9.442732,-3.4284968
315.9,-1.4556746,9.490616,-3.5051112
315.91,-1.3982137,9.442732,-3.4955344
315.92,-1.4077905,9.394848,-3.4284968
315.93,-1.4652514,9.385271,-3.4284968
315.94,-1.4652514,9.385271,-3.3614593
315.95,-1.3982137,9.414001,-3.4476504
315.96,-1.3120226,9.615114,-3.6008794
315.97,-1.3599066,9.672575,-3.6583402
315.98,-1.3982137,9.691729,-3.7062242
315.99,-1.4556746,9.797073,-3.7349546
316,-1.5131354,9.854534,-3.6008794
316.01,-1.541866,9.892841,-3.5051112
316.02,-1.5131354,9.9790325,-3.3423057
316.03,-1.4173675,10.01734,-3.41892
316.04,-1.4269443,9.9790325,-3.2944214
316.05,-1.4460979,10.04607,-3.3423057
316.06,-1.4939818,10.132261,-3.3135753
316.07,-1.484405,10.103531,-3.217807
316.08,-1.4748282,10.1226845,-3.3327289
316.09,-1.4748282,10.218452,-3.3327289
316.1,-1.4652514,10.352529,-3.1603463
316.11,-1.5610195,10.46745,-3.1603463
316.12,-1.5131354,10.726024,-3.122039
316.13,-1.3503298,11.33894,-3.3135753
316.14,-1.1013328,12.133814,-3.5434184
316.15,-0.8810662,12.660539,-3.4763808
316.16,-0.9864111,12.717999,-3.1316159
316.17,-1.3215994,12.689269,-2.8538885
316.18,-1.484405,12.890382,-2.5761611
316.19,-1.5514427,13.378799,-2.4708161
316.2,-1.436521,14.135366,-1.934515
316.21,-0.79487497,14.872781,-0.80445176
316.22,-0.7086837,14.84405,-0.48841715
316.23,-1.541866,14.595054,-0.59376204
316.24,-2.528277,14.374787,-0.8331822
316.25,-3.2273839,14.288596,-1.3024458
316.26,-3.5625722,14.470555,-1.13964
316.27,-3.7062242,14.470555,-0.7182605
316.28,-3.3423057,14.202404,-0.82360536
316.29,-2.5761611,13.589489,-1.3790601
316.3,-1.3982137,12.497733,-2.6910827
316.31,-1.3982137,11.022904,-4.3766007
316.32,0.4213795,9.404425,-6.5122285
316.33,-0.1340753,8.8777,-7.929596
316.34,-0.50757074,9.212888,-7.249643
316.35,-0.23942018,9.260772,-5.315128
316.36,0.20111294,8.37013,-3.8402996
316.37,1.0726024,7.5848308,-2.719813
316.38,1.6567876,7.144298,-1.8291701
316.39,1.4077905,6.4547677,-1.3790601
316.4,0.6703765,5.793968,-1.388637
316.41,0.038307227,5.4204726,-1.3503298
316.42,-0.30645782,5.267244,-1.2545617
316.43,-0.38307226,5.257667,-0.9768343
316.44,-0.37349546,5.305551,-0.7757214
316.45,-0.37349546,5.4779334,-0.7757214
316.46,-0.45010993,6.301539,-1.2449849
316.47,-0.63206923,6.742072,-1.3599066
316.48,-0.91937345,7.07726,-1.4077905
316.49,-1.3215994,7.3549876,-1.340753
316.5,-2.1739352,8.686164,-1.1013328
316.51,-2.327164,9.308656,-1.1013328
316.52,-2.5187001,10.745177,-1.436521
316.53,-2.5953147,11.60709,-1.6950948
316.54,-2.7102363,12.53604,-2.0111294
316.55,-2.8060043,13.512875,-2.384625
316.56,-2.9017725,14.403518,-2.777274
316.57,-3.3806129,15.811308,-3.9264908
316.58,-4.0797195,16.615759,-4.4436383
316.59,-5.046977,17.697939,-5.391742
316.6,-6.2823853,18.617311,-6.2345014
316.61,-7.776367,19.077,-6.8186865
316.62,-9.481039,16.500837,-8.408437
316.63,-11.166556,12.890382,-9.011775
316.64,-13.512875,10.25676,-9.816227
316.65,-15.8783455,8.283937,-10.036493
316.66,-17.669209,6.694188,-9.203311
316.67,-17.659632,6.0716953,-6.6846113
316.68,-15.064317,6.6654577,-6.1004257
316.69,-12.6222315,7.393295,-6.301539
316.7,-9.222465,9.193734,-7.575254
316.71,-5.133168,11.128249,-6.253655
316.72,7.1730285,15.332468,3.9935284
316.73,13.359646,17.439365,9.241618
316.74,12.861651,13.43626,2.6431987
316.75,11.195287,11.559206,-3.6104562
316.76,6.4260373,9.77792,-6.789956
316.77,-1.2162545,7.4507556,-10.208876
316.78,-4.817134,7.9966335,-6.8282633
316.79,-5.1810527,11.894394,3.323152
316.8,-8.0445175,13.723564,6.5122285
316.81,-10.275913,12.660539,3.964798
316.82,-7.8146744,11.482592,-0.79487497
316.83,-3.763685,10.67814,-3.5051112
316.84,-0.8810662,10.218452,-4.2425256
316.85,-0.076614454,10.113108,-4.501099
316.86,-0.24899697,10.218452,-3.3039982
316.87,-0.90021986,9.950302,-2.0111294
316.88,-1.0151415,9.892841,-1.4269443
316.89,-0.8810662,10.141838,-1.5801731
316.9,-0.7086837,10.419566,-1.9440918
316.91,-0.48841715,10.400413,-1.8962077
316.92,-0.02873042,10.065224,-1.6472107
316.93,0.5554548,9.825804,-1.7046716
316.94,1.0247183,9.758766,-1.9632454
316.95,1.1013328,9.77792,-2.3175871
316.96,0.7182605,9.749189,-2.4133554
316.97,0.095768064,9.701305,-2.2505496
316.98,-0.46926352,9.797073,-2.078167
316.99,-0.7469909,9.835381,-2.0111294
317,-0.641646,9.844957,-2.1452048
317.01,-0.20111294,9.787497,-2.1930888
317.02,0.2681506,9.710882,-2.2505496
317.03,0.5650316,9.595961,-2.4133554
317.04,0.4405331,9.586384,-2.6240451
317.05,0.02873042,9.691729,-2.5953147
317.06,-0.545878,9.691729,-2.4037786
317.07,-1.043872,9.662998,-2.2697031
317.08,-1.388637,9.787497,-2.1452048
317.09,-1.2066777,9.701305,-2.2505496
317.1,-0.90021986,9.720459,-2.3175871
317.11,-0.7661445,9.682152,-2.384625
317.12,-0.6895301,9.624691,-2.432509
317.13,-0.7278373,9.595961,-2.4708161
317.14,-0.7374141,9.586384,-2.5761611
317.15,-0.6607997,9.605537,-2.681506
317.16,-0.7469909,9.662998,-2.681506
317.17,-0.8714894,9.682152,-2.7102363
317.18,-0.94810385,9.720459,-2.72939
317.19,-0.90979666,9.758766,-2.7581203
317.2,-0.94810385,9.816227,-2.777274
317.21,-0.94810385,9.883265,-2.8060043
317.22,-0.9672575,9.883265,-2.777274
317.23,-0.9768343,9.883265,-2.7006595
317.24,-1.0342951,10.01734,-2.8443117
317.25,-1.1109096,10.208876,-2.8634653
317.26,-1.1779473,10.352529,-2.6240451
317.27,-1.388637,10.563218,-2.4612393
317.28,-1.4173675,10.927136,-2.2984335
317.29,-1.2737153,11.15698,-2.2218192
317.3,-1.13964,11.300632,-2.183512
317.31,-1.0151415,11.434708,-2.2122424
317.32,-0.94810385,11.559206,-2.2218192
317.33,-0.94810385,11.779472,-2.327164
317.34,-0.92895025,12.028469,-2.3463178
317.35,-0.7757214,12.53604,-2.3080103
317.36,-0.7086837,13.40753,-2.920926
317.37,-0.17238252,14.365211,-3.169923
317.38,0.33518824,14.987702,-3.1986535
317.39,-0.2777274,14.891934,-3.371036
317.4,-0.9959879,15.370775,-3.5817258
317.41,-0.94810385,16.318878,-3.169923
317.42,-1.1300632,17.228676,-2.825158
317.43,0.5267244,18.387468,-1.2641385
317.44,2.327164,18.741812,-0.641646
317.45,2.7006595,17.736246,-0.8331822
317.46,1.091756,16.567875,-2.4133554
317.47,-0.4213795,16.22311,-3.6870706
317.48,-0.63206923,15.677233,-4.357447
317.49,-0.11492168,12.028469,-6.5122285
317.5,-0.047884032,10.333375,-7.6231384
317.51,-0.17238252,9.32781,-6.9527617
317.52,0.076614454,8.925584,-5.5162406
317.53,1.6759412,8.159439,-3.620033
317.54,2.6623523,6.6654577,-2.9592333
317.55,3.074155,5.1523223,-3.217807
317.56,3.1890767,4.31914,-3.2369606
317.57,2.767697,4.1276035,-2.327164
317.58,0.7469909,4.185065,-1.4077905
317.59,-0.39264908,4.5681367,-0.5650316
317.6,-1.1875241,4.999093,0.095768064
317.61,-1.4556746,5.449203,0.48841715
317.62,-1.3215994,5.7748146,0.6895301
317.63,-1.1683705,5.9280434,0.7278373
317.64,-1.1300632,6.033388,0.7182605
317.65,-1.2737153,6.14831,0.6895301
317.66,-1.6567876,6.3206925,0.545878
317.67,-2.078167,6.7708025,0.5746084
317.68,-2.4708161,7.4507556,0.5746084
317.69,-2.72939,8.159439,0.6607997
317.7,-2.7581203,8.791509,0.49799395
317.71,-2.6048915,9.337387,0.18195933
317.72,-2.4612393,9.959879,-0.15322891
317.73,-2.3654714,10.745177,-0.38307226
317.74,-2.480393,11.693281,-0.6991069
317.75,-3.514688,14.020445,-1.6759412
317.76,-4.050989,15.332468,-2.480393
317.77,-4.4819455,16.539145,-3.3997664
317.78,-5.2385135,17.60217,-4.3957543
317.79,-6.445191,18.50239,-5.1523223
317.8,-7.872135,19.019539,-6.2823853
317.81,-9.414001,19.278112,-6.6271505
317.82,-10.898406,19.412188,-6.7229185
317.83,-12.08593,18.358738,-6.799533
317.84,-12.74673,10.237606,-7.6710224
317.85,-13.828909,7.422025,-8.494628
317.86,-15.389929,6.5696893,-8.724471
317.87,-16.606182,6.38773,-7.929596
317.88,-16.807297,6.4547677,-6.5984197
317.89,-15.773001,6.847417,-5.3342814
317.9,-14.221559,7.3645644,-4.4340615
317.91,-13.072341,7.8050976,-4.2521024
317.92,-11.022904,8.935161,-4.1659107
317.93,-1.7621324,13.024457,-2.231396
317.94,8.887277,16.280571,8.6574335
317.95,9.864111,14.54717,5.602432
317.96,5.793968,12.325351,-0.6512229
317.97,3.3518825,11.291056,-4.76925
317.98,-2.384625,8.360553,-12.152967
317.99,-1.0055647,10.419566,-8.954314
318,-0.23942018,14.374787,-1.8387469
318.01,-4.405331,14.451402,-1.8004397
318.02,-5.650316,12.938266,-1.5227122
318.03,-2.6527755,8.714894,-3.5529952
318.04,-1.9440918,7.8050976,-4.146757
318.05,-2.566584,8.504205,-2.873042
318.06,-3.3039982,9.576807,-1.2545617
318.07,-3.3039982,10.5440645,-0.89064306
318.08,-2.4229321,11.291056,-1.283292
318.09,-0.9959879,11.300632,-2.0111294
318.1,0.58418524,10.888829,-2.7868507
318.11,1.5035586,10.237606,-3.4955344
318.12,1.3790601,9.605537,-3.5817258
318.13,0.7565677,9.270349,-3.265691
318.14,0.095768064,9.423578,-2.9592333
318.15,-0.5554548,9.768343,-2.7102363
318.16,-1.0821792,9.959879,-2.3750482
318.17,-1.3120226,9.9790325,-2.2984335
318.18,-1.1109096,9.873688,-2.4037786
318.19,0.047884032,9.797073,-2.4516625
318.2,0.4213795,9.720459,-2.6431987
318.21,0.48841715,9.643845,-2.8060043
318.22,0.17238252,9.605537,-2.7964275
318.23,-0.35434186,9.519346,-2.7581203
318.24,-0.60333884,9.576807,-2.6910827
318.25,-0.59376204,9.576807,-2.633622
318.26,-0.545878,9.548077,-2.633622
318.27,-0.4309563,9.576807,-2.681506
318.28,-0.38307226,9.595961,-2.6719291
318.29,-0.545878,9.528923,-2.6910827
318.3,-0.45968673,9.672575,-2.882619
318.31,-0.32561144,9.615114,-2.8538885
318.32,-0.2777274,9.672575,-2.9592333
318.33,-0.29688102,9.672575,-2.9113493
318.34,-0.45010993,9.634268,-2.777274
318.35,-0.60333884,9.557653,-2.633622
318.36,-0.80445176,9.586384,-2.4708161
318.37,-1.0151415,9.701305,-2.3463178
318.38,-1.1204864,9.80665,-2.4037786
318.39,-1.1300632,9.883265,-2.5378537
318.4,-0.9864111,9.892841,-2.6144683
318.41,-0.7086837,9.902418,-2.6240451
318.42,-0.7086837,9.969456,-2.585738
318.43,-0.7757214,10.01734,-2.7389667
318.44,-0.8331822,9.921572,-2.920926
318.45,-0.90021986,9.921572,-3.1028855
318.46,-0.9864111,10.0748005,-3.064578
318.47,-0.8523358,10.208876,-3.083732
318.48,-0.7278373,10.400413,-3.1028855
318.49,-0.6607997,10.524911,-3.0358477
318.5,-0.6607997,10.658986,-2.9879637
318.51,-0.7086837,10.773908,-2.9496565
318.52,-0.7278373,10.793061,-2.9879637
318.53,-0.8619126,10.812215,-3.0358477
318.54,-1.1683705,10.860099,-3.1603463
318.55,-1.3311762,11.195287,-2.9975405
318.56,-1.2545617,12.392388,-3.3806129
318.57,-1.2162545,13.350069,-3.572149
318.58,-0.89064306,13.618219,-3.265691
318.59,-1.7812861,13.177686,-3.6583402
318.6,-3.2082303,12.832921,-3.9743748
318.61,-3.5625722,13.876793,-2.4037786
318.62,-1.9249382,14.671668,-0.81402856
318.63,0.5650316,15.1696615,0.25857377
318.64,1.2162545,14.173674,-0.8619126
318.65,0.5554548,13.752295,-1.6376339
318.66,0.2681506,13.761871,-0.7086837
318.67,-0.16280572,13.484144,-0.22984336
318.68,-1.2162545,13.043611,-0.79487497
318.69,-1.9919758,13.062764,-1.1587936
318.7,-2.2122424,13.40753,-0.61291564
318.71,-2.3175871,13.445837,-0.39264908
318.72,-1.8387469,13.043611,-0.9576807
318.73,-0.4309563,10.965444,-4.146757
318.74,0.047884032,9.739613,-5.746084
318.75,0.6991069,8.820239,-6.301539
318.76,1.3790601,8.6095495,-6.6367273
318.77,2.327164,8.90643,-5.755661
318.78,3.5913026,8.590396,-4.453215
318.79,4.003105,7.785944,-3.6296098
318.8,3.4093432,6.7803793,-3.122039
318.81,2.2026656,6.167464,-3.0358477
318.82,0.80445176,6.081272,-3.1794999
318.83,-0.31603462,5.9759274,-3.0933087
318.84,-0.9672575,5.6982,-2.920926
318.85,-1.2354081,5.45878,-2.7964275
318.86,-1.3215994,5.3247046,-2.834735
318.87,-1.2737153,5.4204726,-3.0262709
318.88,-1.2354081,5.6120086,-3.4859576
318.89,-1.3215994,5.7365074,-4.10845
318.9,-1.5514427,5.9663506,-4.912902
318.91,-1.8674773,6.2632318,-5.506664
318.92,-2.2601264,6.5696893,-6.090849
318.93,-2.4229321,7.0964136,-6.4643445
318.94,-2.480393,7.7572136,-6.895301
318.95,-2.5474305,8.456321,-7.4124484
318.96,-2.7485435,9.222465,-7.929596
318.97,-3.016694,9.864111,-8.389283
318.98,-3.2465374,10.295067,-8.963891
318.99,-3.4572272,10.716447,-9.461885
319,-3.7924154,11.080365,-9.816227
319.01,-4.175488,11.473015,-9.768343
319.02,-4.855441,11.731588,-9.605537
319.03,-5.8801594,11.63582,-9.308656
319.04,-6.5505357,11.559206,-8.868123
319.05,-6.397307,11.597513,-8.101978
319.06,-6.0525417,11.319786,-7.8625584
319.07,-5.6120086,11.042058,-7.642292
319.08,-5.267244,10.649409,-7.479486
319.09,-5.2385135,10.381259,-7.2209125
319.1,-5.650316,10.419566,-7.07726
319.11,-6.2632318,10.70687,-6.5218053
319.12,-6.943185,10.91756,-6.0142345
319.13,-7.7667904,10.927136,-5.449203
319.14,-8.561666,10.611102,-4.8841715
319.15,-9.11712,10.04607,-4.2999864
319.16,-9.433155,9.442732,-3.8594532
319.17,-9.605537,8.935161,-3.6870706
319.18,-9.615114,8.647857,-3.4859576
319.19,-9.643845,8.465898,-3.2848446
319.2,-9.5385,8.255207,-3.0262709
319.21,-9.5385,7.9487495,-2.8538885
319.22,-9.844957,7.5561004,-2.585738
319.23,-9.739613,7.690176,-2.0111294
319.24,-8.121132,8.801085,0.22026655
319.25,-2.4420857,13.761871,9.174581
319.26,2.1739352,16.654066,9.969456
319.27,4.9799395,18.100164,6.6175733
319.28,4.3287168,16.452953,3.86903
319.29,-1.6567876,12.392388,-2.4133554
319.3,-3.083732,10.0269165,-3.4955344
319.31,-1.0630256,9.854534,-2.5474305
319.32,-0.91937345,9.758766,-3.5625722
319.33,-1.0726024,9.892841,-5.257667
319.34,-0.8331822,9.299079,-6.090849
319.35,-0.6895301,8.686164,-5.6982
319.36,-1.8100165,8.714894,-3.763685
319.37,-3.8498764,10.6877165,-0.38307226
319.38,-2.930503,11.568783,-0.20111294
319.39,-1.388637,11.319786,-1.0055647
319.4,0.2873042,10.860099,-2.8060043
319.41,1.6089035,10.1226845,-4.050989
319.42,1.9919758,9.3182335,-4.510676
319.43,1.4077905,8.983045,-4.3382936
319.44,0.46926352,9.002198,-3.9360676
319.45,-0.47884035,9.3661175,-3.4859576
319.46,-1.2162545,9.787497,-3.1507695
319.47,-1.2641385,9.9790325,-2.767697
319.48,-0.7278373,9.844957,-2.633622
319.49,0.05746084,9.80665,-2.767697
319.5,0.59376204,9.749189,-3.1316159
319.51,0.4405331,9.576807,-3.3614593
319.52,-0.16280572,9.509769,-3.1890767
319.53,-0.80445176,9.509769,-2.920926
319.54,-1.0342951,9.643845,-2.7389667
319.55,-0.90979666,9.701305,-2.6527755
319.56,-0.63206923,9.615114,-2.6431987
319.57,-0.32561144,9.5385,-2.7485435
319.58,-0.19153613,9.385271,-2.9496565
319.59,-0.22026655,9.32781,-3.0454245
319.6,-0.17238252,9.461885,-3.0550013
319.61,-0.12449849,9.471462,-3.0071173
319.62,-0.51714754,9.471462,-2.882619
319.63,-0.5363012,9.461885,-2.882619
319.64,-0.32561144,9.452309,-3.0358477
319.65,0.009576807,9.442732,-3.1794999
319.66,0.095768064,9.500193,-3.169923
319.67,-0.37349546,9.394848,-3.0071173
319.68,-0.5650316,9.452309,-3.122039
319.69,-0.2777274,9.423578,-3.0358477
319.7,-0.45968673,9.452309,-2.9783869
319.71,-0.6512229,9.528923,-2.9879637
319.72,-0.641646,9.643845,-3.0262709
319.73,-0.6607997,9.653421,-3.122039
319.74,-0.7757214,9.672575,-3.169923
319.75,-0.80445176,9.682152,-3.1507695
319.76,-0.8619126,9.739613,-3.1507695
319.77,-0.90021986,9.787497,-3.2273839
319.78,-0.7661445,9.797073,-3.4380736
319.79,-0.8331822,9.797073,-3.5817258
319.8,-0.80445176,9.816227,-3.6296098
319.81,-0.80445176,9.835381,-3.5434184
319.82,-0.6607997,9.864111,-3.3614593
319.83,-0.50757074,9.854534,-2.9975405
319.84,-0.35434186,9.892841,-2.6910827
319.85,-0.1436521,10.0748005,-2.2697031
319.86,0.02873042,10.160992,-1.934515
319.87,0.22984336,10.515334,-1.7142484
319.88,0.20111294,10.91756,-1.8483237
319.89,0.095768064,11.501745,-1.982399
319.9,-0.009576807,12.124237,-2.1164744
319.91,-0.2873042,12.727576,-2.3654714
319.92,-0.8523358,13.522451,-2.681506
319.93,-1.4939818,14.5088625,-2.8443117
319.94,-1.9057846,15.71554,-2.681506
319.95,-2.2697031,16.749836,-2.4899697
319.96,-2.633622,17.583017,-2.0207062
319.97,-2.8634653,17.975666,-1.436521
319.98,-3.2561142,17.659632,-1.484405
319.99,-2.825158,16.424223,-1.6950948
320,-3.2082303,15.102624,-2.5187001
320.01,-3.1411927,14.202404,-2.9017725
320.02,-2.4516625,12.976573,-3.1603463
320.03,-1.6472107,11.109096,-3.7445314
320.04,-0.78529817,9.011775,-4.2425256
320.05,0.31603462,7.3166804,-4.3957543
320.06,1.3790601,6.167464,-3.8115692
320.07,1.5801731,5.142745,-2.633622
320.08,0.60333884,4.213795,-1.5131354
320.09,-0.7086837,4.0318356,-0.7565677
320.1,-1.5514427,4.606444,-0.39264908
320.11,-1.8100165,5.3342814,-0.51714754
320.12,-1.484405,5.765238,-0.91937345
320.13,-0.93852705,5.7748146,-1.6089035
320.14,-0.39264908,5.497087,-2.4516625
320.15,-0.08619126,5.0757074,-3.371036
320.16,-0.08619126,4.7022123,-4.146757
320.17,-0.08619126,4.644751,-4.7500963
320.18,-0.1340753,4.8267107,-5.315128
320.19,-0.6799533,5.0374002,-5.544971
320.2,-1.5610195,5.3438582,-5.5162406
320.21,-2.327164,5.5737014,-5.4779334
320.22,-2.9592333,5.717354,-5.315128
320.23,-3.5338416,5.9280434,-5.2289367
320.24,-3.821146,6.3589997,-5.046977
320.25,-3.8977604,6.8186865,-5.0182467
320.26,-3.9743748,7.3166804,-5.046977
320.27,-4.0318356,7.690176,-5.2959743
320.28,-4.0701427,8.015787,-5.899313
320.29,-3.8498764,8.101978,-6.2249246
320.3,-3.5913026,8.169016,-6.6079965
320.31,-3.2752678,8.197746,-6.9048777
320.32,-3.016694,8.264784,-7.3071036
320.33,-2.7964275,8.408437,-7.690176
320.34,-2.7006595,8.571242,-8.130709
320.35,-2.719813,8.7053175,-8.465898
320.36,-2.9592333,8.734048,-8.6574335
320.37,-3.1507695,8.724471,-8.724471
320.38,-3.1124623,8.255207,-9.174581
320.39,-3.5529952,7.642292,-9.576807
320.4,-5.1140146,6.943185,-10.611102
320.41,-6.588843,7.1826053,-11.109096
320.42,-7.73806,7.7667904,-10.97502
320.43,-8.887277,7.9966335,-11.204864
320.44,-8.66701,7.881712,-10.342952
320.45,-6.9048777,7.3549876,-8.896853
320.46,-4.2425256,6.943185,-8.130709
320.47,-1.7142484,6.6750345,-9.050082
320.48,0.047884032,6.9623384,-11.262324
320.49,1.1109096,7.929596,-12.076353
320.5,0.5650316,8.781932,-10.658986
320.51,-1.436521,9.193734,-5.889736
320.52,-6.4068837,13.426683,3.1794999
320.53,-3.8498764,16.481684,7.8050976
320.54,2.2888567,18.013973,5.7843914
320.55,-0.019153614,14.987702,-0.37349546
320.56,-0.8523358,11.654974,0.009576807
320.57,-2.2697031,6.991069,-2.1643584
320.58,-2.920926,5.2480903,-4.596867
320.59,-2.930503,5.6120086,-5.439626
320.6,-2.9592333,6.895301,-5.66947
320.61,-2.5570073,8.504205,-4.8458643
320.62,-2.0685902,9.643845,-3.2944214
320.63,-1.7238252,10.419566,-2.1068976
320.64,-1.3694834,10.601525,-1.8100165
320.65,-1.1587936,10.0269165,-2.2984335
320.66,-1.4269443,9.672575,-2.5378537
320.67,-2.327164,9.442732,-2.5761611
320.68,-2.5378537,9.385271,-2.566584
320.69,-2.6144683,9.490616,-2.27928
320.7,-2.5474305,9.586384,-1.8100165
320.71,-2.2697031,9.595961,-1.4269443
320.72,-1.7812861,9.557653,-1.4939818
320.73,-1.3790601,9.528923,-2.0685902
320.74,-1.1492168,9.557653,-2.4612393
320.75,-1.1109096,9.394848,-2.6719291
320.76,-1.436521,9.193734,-2.8634653
320.77,-1.5227122,9.308656,-2.882619
320.78,-1.6663644,9.509769,-2.6719291
320.79,-1.8770541,9.634268,-2.4516625
320.8,-1.8100165,9.662998,-2.2218192
320.81,-1.484405,9.739613,-1.934515
320.82,-1.2258313,9.595961,-2.1643584
320.83,-1.2066777,9.557653,-2.0111294
320.84,-0.8714894,9.662998,-2.0015526
320.85,-1.2354081,9.471462,-2.6144683
320.86,-1.4077905,9.595961,-2.0207062
320.87,-1.4269443,9.605537,-2.0590134
320.88,-1.532289,9.5385,-2.0973208
320.89,-1.2641385,9.691729,-2.135628
320.9,-1.388637,9.5385,-2.480393
320.91,-1.0534488,9.653421,-2.3463178
320.92,-1.3024458,9.557653,-2.9975405
320.93,-0.9576807,9.835381,-2.1164744
320.94,-1.1013328,9.720459,-2.2026656
320.95,-1.4173675,9.634268,-2.135628
320.96,-0.8714894,9.921572,-1.2258313
320.97,-0.82360536,9.691729,-1.5610195
320.98,-1.0630256,9.672575,-1.8483237
320.99,-0.35434186,9.701305,-1.3311762
321,-0.82360536,9.56723,-1.6567876
321.01,-0.22984336,10.007763,-0.50757074
321.02,-0.30645782,9.739613,-0.9672575
321.03,-0.92895025,9.844957,-0.7661445
321.04,-0.58418524,9.902418,-0.92895025
321.05,-1.0534488,9.595961,-1.6089035
321.06,-1.0821792,9.653421,-1.8866309
321.07,-0.9576807,9.615114,-1.8004397
321.08,-0.9768343,9.672575,-1.8866309
321.09,-1.1492168,9.749189,-1.7812861
321.1,-1.2162545,9.844957,-1.6759412
321.11,-1.2162545,9.959879,-1.733402
321.12,-1.2449849,9.959879,-1.7812861
321.13,-1.5035586,10.103531,0.6703765
321.14,-1.5227122,9.337387,-1.2737153
321.15,0.2681506,9.672575,-1.1492168
321.16,-1.1109096,9.730036,-1.6759412
321.17,-0.6703765,9.643845,-1.5035586
321.18,-3.2273839,9.481039,-0.32561144
321.19,-1.532289,9.5385,0.82360536
321.2,-0.46926352,9.844957,-0.019153614
321.21,-0.59376204,10.429143,-0.9959879
321.22,-1.4173675,10.812215,-0.7374141
321.23,-2.0590134,10.994174,-1.0055647
321.24,-2.0590134,11.013328,-2.0973208
321.25,-1.7142484,11.473015,-1.4556746
321.26,-0.545878,12.105083,0.9959879
321.27,-0.48841715,12.670115,1.6376339
321.28,-1.5993267,12.258312,0.641646
321.29,-1.436521,12.497733,0.48841715
321.3,-1.1587936,12.603078,0.2681506
321.31,-0.7182605,13.01488,0.33518824
321.32,-0.7086837,13.168109,-0.23942018
321.33,-0.33518824,13.22557,-1.0726024
321.34,0.59376204,13.43626,-1.5993267
321.35,1.2641385,13.283031,-2.4995465
321.36,1.9536686,12.785037,-3.2369606
321.37,2.2218192,11.932701,-3.9839516
321.38,2.432509,11.444284,-4.280833
321.39,2.2697031,11.262324,-4.146757
321.4,1.9153614,10.984597,-3.9360676
321.41,0.5554548,10.247183,-4.462792
321.42,-0.62249243,9.5385,-5.755661
321.43,-0.6512229,9.864111,-5.6886234
321.44,-1.0534488,10.524911,-6.1387334
321.45,-0.22984336,11.224017,-7.0964136
321.46,2.0207062,11.760319,-7.833828
321.47,3.821146,11.597513,-8.418014
321.48,4.1946416,10.869676,-8.734048
321.49,1.7429788,9.749189,-7.3166804
321.5,0.35434186,9.232041,-6.0142345
321.51,-0.91937345,8.7053175,-4.4436383
321.52,-1.9728222,8.628703,-2.8538885
321.53,-2.7389667,8.810662,-1.5514427
321.54,-2.9879637,8.935161,-0.81402856
321.55,-2.6144683,8.791509,-0.58418524
321.56,-1.9249382,8.465898,-0.7278373
321.57,-1.1875241,8.034941,-1.043872
321.58,-0.35434186,7.699753,-1.4173675
321.59,0.47884035,7.517793,-1.7621324
321.6,1.1492168,7.374141,-2.183512
321.61,1.4939818,7.297527,-2.585738
321.62,1.6280571,7.3645644,-2.9113493
321.63,1.4939818,7.575254,-3.0550013
321.64,1.043872,7.97748,-3.0071173
321.65,0.36391866,8.475474,-2.825158
321.66,-0.30645782,8.90643,-2.6431987
321.67,-0.79487497,9.3182335,-2.4995465
321.68,-1.1013328,9.816227,-2.336741
321.69,-1.5227122,10.448297,-2.1930888
321.7,-2.087744,11.118672,-1.9632454
321.71,-2.5570073,11.827356,-1.8100165
321.72,-2.9496565,12.469003,-1.8483237
321.73,-3.2848446,12.928689,-1.9919758
321.74,-3.5913026,13.311762,-2.1547816
321.75,-3.6583402,13.685257,-2.327164
321.76,-3.6391866,13.9438305,-2.528277
321.77,-3.5529952,14.202404,-2.8060043
321.78,-3.5242648,14.566323,-3.0454245
321.79,-3.763685,15.006856,-3.4380736
321.8,-4.2999864,15.44739,-3.6391866
321.81,-4.9799395,15.409082,-3.7924154
321.82,-6.033388,14.54717,-3.7253778
321.83,-6.6175733,13.9917145,-3.6104562
321.84,-7.374141,13.263878,-3.4859576
321.85,-8.159439,12.430696,-3.3614593
321.86,-8.963891,11.291056,-3.7253778
321.87,-9.710882,9.787497,-4.012682
321.88,-10.773908,8.341399,-4.232949
321.89,-11.865664,7.2687964,-4.156334
321.9,-12.488156,6.5218053,-3.9264908
321.91,-12.430696,6.38773,-3.5529952
321.92,-11.932701,6.789956,-3.4476504
321.93,-11.137826,7.7189064,-3.572149
321.94,-10.362105,8.734048,-3.8115692
321.95,-9.56723,9.471462,-3.9552212
321.96,-6.7612257,10.783484,-3.41892
321.97,6.2345014,15.160085,4.7979803
321.98,12.890382,17.353174,12.172121
321.99,10.505757,13.512875,4.2904096
322,7.73806,12.200851,-0.6703765
322.01,1.3120226,10.390836,-5.793968
322.02,-5.2002063,7.9583263,-12.4785795
322.03,-3.4859576,10.352529,-5.659893
322.04,-3.8115692,13.589489,1.5035586
322.05,-7.3166804,13.378799,0.7661445
322.06,-5.6982,12.6222315,-0.7565677
322.07,-2.825158,10.879252,-3.3327289
322.08,-0.50757074,8.686164,-5.449203
322.09,-0.06703765,7.929596,-6.0142345
322.1,-0.89064306,9.069236,-4.261679
322.11,-2.1930888,9.548077,-2.2122424
322.12,-2.9592333,10.093954,-1.1587936
322.13,-3.1316159,11.070788,-0.82360536
322.14,-1.2258313,11.099519,-1.5514427
322.15,0.4405331,10.390836,-2.6048915
322.16,1.3024458,9.730036,-3.7828386
322.17,1.2066777,9.270349,-3.7732618
322.18,0.6703765,9.078813,-3.3901896
322.19,-0.019153614,9.385271,-3.169923
322.2,-0.7469909,9.730036,-2.882619
322.21,-1.2545617,9.864111,-2.7581203
322.22,-1.292869,9.873688,-2.6431987
322.23,-0.90979666,9.77792,-2.6240451
322.24,-0.22984336,9.720459,-2.7964275
322.25,0.5267244,9.797073,-2.9975405
322.26,0.82360536,9.787497,-3.074155
322.27,0.39264908,9.662998,-3.0933087
322.28,-0.22984336,9.615114,-2.9783869
322.29,-0.59376204,9.528923,-2.8921957
322.3,-0.45968673,9.56723,-2.96881
322.31,-0.2873042,9.595961,-2.9592333
322.32,-0.05746084,9.471462,-2.8443117
322.33,-0.038307227,9.404425,-2.8921957
322.34,-0.18195933,9.461885,-2.825158
322.35,-0.31603462,9.5385,-2.8538885
322.36,-0.22984336,9.557653,-2.8921957
322.37,0.009576807,9.423578,-2.9400797
322.38,0.1340753,9.308656,-2.920926
322.39,0.095768064,9.356541,-3.1124623
322.4,0.15322891,9.414001,-3.1603463
322.41,0.009576807,9.394848,-3.122039
322.42,-0.9576807,9.624691,-2.8634653
322.43,-1.13964,9.749189,-2.8443117
322.44,-1.13964,9.730036,-2.930503
322.45,-1.0055647,9.749189,-3.0550013
322.46,-0.7565677,9.749189,-3.122039
322.47,-0.5650316,9.720459,-3.064578
322.48,-0.4405331,9.653421,-3.0550013
322.49,-0.38307226,9.691729,-3.2082303
322.5,-0.40222588,9.730036,-3.2465374
322.51,-0.5267244,9.730036,-3.3135753
322.52,-0.50757074,9.844957,-3.2465374
322.53,-0.59376204,9.950302,-3.169923
322.54,-0.641646,10.151415,-3.2465374
322.55,-0.6895301,10.352529,-3.3135753
322.56,-0.6895301,10.620679,-3.2369606
322.57,-0.89064306,10.831368,-3.2848446
322.58,-1.13964,10.91756,-3.2848446
322.59,-1.4748282,10.6398325,-3.3135753
322.6,-1.2258313,10.831368,-2.5761611
322.61,-1.1109096,10.879252,-2.327164
322.62,-1.340753,11.176133,-2.6527755
322.63,-1.043872,11.836933,-2.834735
322.64,-0.5554548,13.177686,-2.9783869
322.65,-0.9864111,13.196839,-3.9456444
322.66,-1.5035586,13.321339,-3.9073372
322.67,-2.0973208,12.717999,-3.6870706
322.68,-2.2984335,13.196839,-3.2752678
322.69,-1.4939818,13.761871,-2.5761611
322.7,0.24899697,14.528016,-1.6280571
322.71,1.4269443,14.60463,-1.6567876
322.72,0.90979666,14.528016,-2.1547816
322.73,0.5267244,14.882358,-1.4556746
322.74,-0.076614454,14.489709,-0.78529817
322.75,-1.1683705,13.43626,-1.1683705
322.76,-2.2409728,12.74673,-1.4269443
322.77,-2.5761611,12.785037,-0.82360536
322.78,-2.2218192,12.679692,-0.7757214
322.79,-1.3790601,12.162544,-2.078167
322.8,-0.45968673,11.358093,-3.8786068
322.81,0.51714754,10.457873,-5.161899
322.82,0.9768343,9.423578,-5.746084
322.83,0.81402856,8.762778,-5.841852
322.84,0.4213795,8.734048,-5.1906295
322.85,0.7182605,8.437167,-4.0797195
322.86,1.532289,7.7572136,-3.2369606
322.87,2.078167,6.8186865,-2.9592333
322.88,2.3080103,6.129156,-2.7006595
322.89,1.9440918,5.631162,-2.5187001
322.9,1.091756,5.4779334,-2.6623523
322.91,0.11492168,5.410896,-2.96881
322.92,-0.6991069,5.4779334,-3.0550013
322.93,-1.2449849,5.535394,-2.8634653
322.94,-1.4652514,5.6790466,-2.6431987
322.95,-1.5610195,5.746084,-2.5091233
322.96,-1.5131354,5.8226986,-2.681506
322.97,-1.484405,6.090849,-3.1507695
322.98,-1.6567876,6.397307,-3.4955344
322.99,-2.0111294,6.6750345,-3.7349546
323,-2.183512,7.029376,-3.8786068
323.01,-2.3080103,7.431602,-3.9935284
323.02,-2.3558946,7.9487495,-4.098873
323.03,-2.4229321,8.580819,-4.261679
323.04,-2.4516625,9.193734,-4.4244847
323.05,-2.4899697,9.816227,-4.654328
323.06,-2.585738,10.371682,-4.865018
323.07,-2.8634653,11.597513,-5.133168
323.08,-3.122039,12.143391,-5.133168
323.09,-3.5434184,12.545617,-5.0661306
323.1,-4.1659107,12.909535,-4.8745947
323.11,-4.5777135,13.254301,-4.5394063
323.12,-4.9895163,13.512875,-4.1659107
323.13,-5.3821654,13.771448,-3.7924154
323.14,-5.889736,14.346057,-3.6774938
323.15,-6.4739213,15.035586,-3.9935284
323.16,-6.9048777,15.50485,-4.367024
323.17,-7.3166804,15.437813,-4.6160207
323.18,-8.101978,15.121778,-4.654328
323.19,-9.078813,14.690822,-4.3478703
323.2,-10.093954,13.790602,-3.8786068
323.21,-10.91756,12.74673,-3.1986535
323.22,-11.444284,11.808203,-2.5187001
323.23,-11.779472,10.927136,-2.1452048
323.24,-11.894394,10.1226845,-2.087744
323.25,-11.932701,9.088389,-3.3423057
323.26,-11.750742,7.52737,-3.9552212
323.27,-12.095507,6.6079965,-4.0414124
323.28,-12.459426,7.029376,-3.7349546
323.29,-10.860099,8.599973,-2.585738
323.3,-4.654328,12.200851,1.8004397
323.31,3.3039982,15.868769,5.6120086
323.32,7.2304893,16.424223,4.3478703
323.33,9.873688,14.939818,0.641646
323.34,8.255207,12.191275,-2.767697
323.35,3.6966474,10.01734,-5.4300494
323.36,-2.2505496,9.959879,-2.9496565
323.37,-2.2218192,11.530476,-0.8331822
323.38,-2.3558946,11.022904,-1.8483237
323.39,-1.8100165,9.442732,-4.1180267
323.4,-1.3024458,8.293514,-5.7365074
323.41,-1.292869,8.197746,-5.2480903
323.42,-2.087744,8.90643,-3.3901896
323.43,-3.0933087,9.911995,-1.6089035
323.44,-3.6774938,11.042058,-0.48841715
323.45,-3.7253778,12.08593,0.4405331
323.46,-3.1507695,12.105083,-0.02873042
323.47,-1.7908629,11.271901,-0.9864111
323.48,-1.7908629,10.199299,-2.1930888
323.49,1.5514427,9.308656,-3.2561142
323.5,2.4420857,8.829816,-3.9073372
323.51,2.4995465,8.896853,-4.271256
323.52,1.8100165,9.308656,-4.0797195
323.53,0.59376204,9.643845,-3.5817258
323.54,-0.50757074,9.80665,-3.0262709
323.55,-1.1013328,9.844957,-2.8060043
323.56,-1.3120226,9.835381,-2.72939
323.57,-1.1971009,9.835381,-2.6144683
323.58,-0.7565677,9.739613,-2.6048915
323.59,0.06703765,9.605537,-2.7006595
323.6,0.9959879,9.490616,-2.8634653
323.61,1.733402,9.3661175,-3.0071173
323.62,1.9440918,9.212888,-3.1507695
323.63,1.4748282,9.203311,-3.0262709
323.64,0.6895301,9.241618,-2.873042
323.65,0.6895301,9.337387,-2.7485435
323.66,-0.2681506,9.452309,-2.6719291
323.67,0.1436521,9.289502,-2.72939
323.68,0.7182605,9.126697,-2.930503
323.69,1.1683705,9.136273,-3.074155
323.7,1.2641385,9.212888,-3.1986535
323.71,0.8331822,9.289502,-3.2561142
323.72,0.10534488,9.404425,-3.0358477
323.73,-0.51714754,9.471462,-2.9400797
323.74,-0.93852705,9.586384,-2.9496565
323.75,-1.1109096,9.576807,-3.064578
323.76,-1.043872,9.662998,-3.083732
323.77,-0.90021986,9.605537,-3.169923
323.78,-0.7565677,9.643845,-3.1986535
323.79,-0.7469909,9.605537,-3.2082303
323.8,-0.63206923,9.653421,-3.1411927
323.81,-0.641646,9.682152,-3.1986535
323.82,-0.59376204,9.720459,-3.0358477
323.83,-0.641646,9.749189,-2.9975405
323.84,-0.7565677,9.691729,-3.1507695
323.85,-0.79487497,9.672575,-3.1986535
323.86,-0.8619126,9.720459,-3.265691
323.87,-1.3215994,9.481039,-3.9552212
323.88,-0.8714894,9.768343,-3.715801
323.89,-0.8714894,9.931149,-4.0797195
323.9,-1.0821792,10.28549,-4.146757
323.91,-1.1587936,10.67814,-3.8498764
323.92,-1.5514427,10.869676,-4.1371803
323.93,-1.484405,11.291056,-3.86903
323.94,-1.3311762,11.511322,-3.5242648
323.95,-1.2737153,11.951855,-3.016694
323.96,-1.5035586,12.392388,-3.3806129
323.97,-0.91937345,13.148955,-2.815581
323.98,-1.6567876,13.034034,-3.6296098
323.99,-1.4460979,13.321339,-3.715801
324,-4.003105,13.2351465,-4.8362875
324.01,-3.0262709,14.269443,-3.2273839
324.02,-3.3039982,14.106636,-3.572149
324.03,-2.920926,14.4609785,-3.6870706
324.04,-2.7964275,14.54717,-3.916914
324.05,-2.681506,14.863204,-3.8881836
324.06,-2.5187001,15.428236,-3.5338416
324.07,-3.371036,15.543158,-2.9879637
324.08,-3.7924154,15.849615,-2.585738
324.09,-2.3654714,16.270994,-1.8866309
324.1,-0.93852705,15.74427,-2.3750482
324.11,0.7086837,14.326903,-3.8402996
324.12,2.1643584,12.430696,-5.3725886
324.13,2.9975405,10.7356,-7.565677
324.14,3.2273839,9.643845,-8.360553
324.15,4.3957543,9.56723,-6.9527617
324.16,6.7612257,9.701305,-5.257667
324.17,8.437167,8.647857,-3.4284968
324.18,8.7053175,6.2249246,-2.6623523
324.19,9.078813,4.7405195,-1.8579005
324.2,9.260772,5.085284,-0.61291564
324.21,7.7572136,6.14831,1.0055647
324.22,4.3478703,7.345411,2.480393
324.23,0.047884032,8.599973,3.667917
324.24,-2.834735,10.01734,3.5625722
324.25,-3.8786068,11.463438,2.7581203
324.26,-4.1946416,11.87524,0.8523358
324.27,-4.2042184,11.21444,-1.0726024
324.28,-4.55856,10.266336,-2.6048915
324.29,-5.2863975,9.749189,-3.169923
324.3,-5.899313,9.931149,-3.2752678
324.31,-6.1770406,10.352529,-3.3518825
324.32,-6.1387334,10.5440645,-3.2082303
324.33,-6.5984197,10.91756,-3.3135753
324.34,-7.1155677,11.18571,-3.2848446
324.35,-7.374141,11.358093,-2.9400797
324.36,-7.479486,11.281479,-2.6719291
324.37,-7.575254,11.051635,-2.566584
324.38,-7.144298,10.793061,-2.480393
324.39,-6.301539,10.716447,-2.4612393
324.4,-5.5737014,10.898406,-2.5187001
324.41,-5.094861,11.329363,-2.480393
324.42,-5.0278234,11.760319,-2.5570073
324.43,-5.104438,12.105083,-2.4420857
324.44,-5.2768207,12.124237,-2.3558946
324.45,-5.5258174,12.0571995,-2.6048915
324.46,-5.5737014,12.239159,-2.3080103
324.47,-5.8322754,12.325351,-2.3175871
324.48,-6.1004257,12.306197,-2.3558946
324.49,-6.301539,12.210428,-2.3080103
324.5,-6.493075,11.731588,-2.3654714
324.51,-6.7229185,10.879252,-2.6240451
324.52,-6.9240313,9.816227,-2.920926
324.53,-7.153875,8.973468,-2.9783869
324.54,-7.575254,8.39886,-3.0933087
324.55,-7.9487495,8.015787,-3.0262709
324.56,-8.101978,7.73806,-2.8443117
324.57,-8.24563,7.4603324,-2.7581203
324.58,-8.39886,7.1155677,-2.8443117
324.59,-8.686164,6.991069,-2.9783869
324.6,-8.925584,7.0581064,-2.9879637
324.61,-8.2169,7.690176,-3.064578
324.62,8.0445175,14.585477,6.1100025
324.63,10.036493,17.06587,4.8841715
324.64,7.4603324,17.592594,-0.8331822
324.65,5.544971,16.232687,-6.6367273
324.66,1.8962077,12.26789,-12.603078
324.67,1.2449849,11.932701,-10.084377
324.68,-0.5650316,13.704411,-2.8060043
324.69,-3.169923,14.087482,0.5650316
324.7,-3.7253778,8.7053175,-1.8291701
324.71,-2.3654714,6.445191,-5.171476
324.72,-1.1971009,6.1770406,-5.947197
324.73,-1.3311762,7.5465236,-3.6966474
324.74,-2.7964275,9.32781,-1.9153614
324.75,-3.6870706,11.444284,-0.7565677
324.76,-3.466804,13.034034,-0.1436521
324.77,-2.719813,13.101071,-0.5363012
324.78,-1.6663644,11.645397,-1.2066777
324.79,-0.24899697,10.199299,-1.8195933
324.8,1.1492168,9.184157,-2.1643584
324.81,1.9536686,8.695741,-2.5953147
324.82,1.8962077,8.7532015,-3.074155
324.83,1.436521,9.14585,-3.1028855
324.84,0.641646,9.490616,-2.7964275
324.85,-0.21068975,9.586384,-2.4612393
324.86,-0.7565677,9.691729,-2.384625
324.87,-0.8714894,9.749189,-2.432509
324.88,-0.5267244,9.720459,-2.5187001
324.89,0.12449849,9.662998,-2.6144683
324.9,0.81402856,9.605537,-2.6910827
324.91,1.1587936,9.557653,-2.72939
324.92,0.9864111,9.653421,-2.633622
324.93,0.4213795,9.643845,-2.3750482
324.94,-0.1340753,9.634268,-2.3175871
324.95,-0.46926352,9.634268,-2.4420857
324.96,-0.5650316,9.643845,-2.5187001
324.97,-0.38307226,9.5385,-2.6048915
324.98,-0.19153613,9.442732,-2.825158
324.99,-0.02873042,9.423578,-2.9879637
325,-0.22984336,9.490616,-3.122039
325.01,-0.641646,9.500193,-2.9783869
325.02,-0.9768343,9.452309,-2.882619
325.03,-1.13964,9.471462,-2.767697
325.04,-1.1013328,9.56723,-2.72939
325.05,-1.043872,9.586384,-2.834735
325.06,-0.94810385,9.5385,-2.9783869
325.07,-0.8331822,9.490616,-3.1507695
325.08,-0.7661445,9.576807,-3.2369606
325.09,-0.8331822,9.624691,-3.2369606
325.1,-0.8810662,9.56723,-3.2273839
325.11,-0.9672575,9.528923,-3.2369606
325.12,-0.9672575,9.557653,-3.2369606
325.13,-1.0055647,9.557653,-3.169923
325.14,-1.1683705,9.519346,-3.016694
325.15,-1.3120226,9.519346,-2.96881
325.16,-1.3503298,9.624691,-2.96881
325.17,-1.3024458,9.653421,-2.9783869
325.18,-1.2641385,9.605537,-3.0262709
325.19,-1.3503298,9.576807,-3.0550013
325.2,-1.4077905,9.576807,-3.0933087
325.21,-1.4748282,9.56723,-3.083732
325.22,-1.5131354,9.586384,-3.083732
325.23,-1.5514427,9.56723,-3.064578
325.24,-1.4173675,9.548077,-3.0933087
325.25,-1.3694834,9.615114,-3.2273839
325.26,-1.3120226,9.720459,-3.4572272
325.27,-1.283292,9.787497,-3.572149
325.28,-1.388637,9.921572,-3.6296098
325.29,-1.5993267,10.084377,-3.620033
325.3,-1.7046716,10.266336,-3.5338416
325.31,-1.7908629,10.362105,-3.4093432
325.32,-1.8674773,10.553641,-3.2848446
325.33,-1.8579005,10.802638,-3.1507695
325.34,-1.4173675,11.84651,-3.41892
325.35,-1.1300632,12.181698,-3.4572272
325.36,-1.0726024,12.411542,-3.6966474
325.37,-1.340753,12.670115,-3.8977604
325.38,-1.7238252,13.177686,-3.964798
325.39,-2.384625,13.532028,-4.050989
325.4,-2.96881,13.742718,-4.10845
325.41,-3.2944214,13.704411,-4.0892963
325.42,-3.1603463,13.474567,-4.0701427
325.43,-3.074155,13.120225,-4.271256
325.44,-3.0454245,12.976573,-4.4915223
325.45,-3.1794999,12.880805,-4.7022123
325.46,-3.8594532,12.411542,-4.9799395
325.47,-4.0892963,11.722012,-5.085284
325.48,-3.6296098,10.658986,-5.094861
325.49,-2.9400797,9.461885,-5.0278234
325.5,-2.480393,8.1881695,-4.807557
325.51,-2.087744,6.9048777,-4.654328
325.52,-1.283292,5.947197,-4.1946416
325.53,-0.7278373,5.2959743,-3.9073372
325.54,-0.7278373,5.2385135,-3.2082303
325.55,0.7278373,5.2863975,-2.6048915
325.56,1.1971009,5.171476,-2.2601264
325.57,1.5131354,4.960786,-2.087744
325.58,1.6376339,4.7405195,-2.078167
325.59,1.6280571,4.76925,-1.8483237
325.6,1.2066777,4.9799395,-1.4748282
325.61,0.34476504,5.363012,-1.0342951
325.62,-0.6512229,5.861006,-0.45010993
325.63,-1.5993267,6.3781533,0.095768064
325.64,-2.183512,6.799533,0.63206923
325.65,-2.6048915,7.240066,1.043872
325.66,-3.2273839,7.967903,1.1587936
325.67,-3.371036,8.360553,1.1204864
325.68,-3.5242648,8.6095495,0.94810385
325.69,-3.4763808,8.791509,0.6991069
325.7,-3.3327289,8.916007,0.2873042
325.71,-3.2273839,9.174581,-0.1340753
325.72,-3.2369606,9.519346,-0.6703765
325.73,-3.323152,10.065224,-0.93852705
325.74,-3.5242648,10.572795,-1.1013328
325.75,-3.9360676,11.042058,-1.1875241
325.76,-4.3957543,11.415554,-1.1875241
325.77,-5.0278234,11.654974,-1.13964
325.78,-5.5737014,11.81778,-1.091756
325.79,-6.38773,11.664551,-1.2641385
325.8,-6.751649,11.674128,-1.1971009
325.81,-7.4028716,11.520899,-0.9768343
325.82,-7.6135616,11.233594,-1.0534488
325.83,-7.517793,10.927136,-1.091756
325.84,-7.536947,10.7356,-0.8619126
325.85,-7.728483,10.524911,-0.31603462
325.86,-7.8912888,10.352529,-0.06703765
325.87,-7.8146744,10.46745,0.8810662
325.88,-7.8625584,10.831368,2.96881
325.89,-7.431602,11.36767,4.9895163
325.9,-4.7500963,12.018892,6.1004257
325.91,-1.3215994,11.884817,5.6790466
325.92,1.6950948,11.664551,5.046977
325.93,2.5474305,11.36767,3.7541082
325.94,0.6799533,11.329363,1.0726024
325.95,-0.05746084,13.043611,-5.45878
325.96,4.817134,14.681245,-5.554548
325.97,2.27928,13.982138,-4.271256
325.98,-2.3558946,12.08593,-2.9400797
325.99,-4.0701427,10.01734,-1.532289
326,-3.7062242,8.350976,-1.6950948
326.01,-1.6663644,8.101978,-2.7868507
326.02,-0.24899697,8.963891,-3.6966474
326.03,-0.15322891,9.825804,-3.8019924
326.04,-0.5650316,10.295067,-3.41892
326.05,-1.1300632,10.28549,-3.074155
326.06,-1.7046716,10.247183,-2.873042
326.07,-2.0398598,10.093954,-2.8443117
326.08,-1.6950948,9.854534,-2.9975405
326.09,-0.8619126,9.653421,-3.4380736
326.1,-0.08619126,9.490616,-4.003105
326.11,0.2777274,9.528923,-4.510676
326.12,0.019153614,9.595961,-4.5681367
326.13,-0.51714754,9.643845,-4.223372
326.14,-0.93852705,9.548077,-3.715801
326.15,-1.2162545,9.433155,-3.371036
326.16,-1.1875241,9.471462,-3.1507695
326.17,-0.60333884,9.528923,-3.3039982
326.18,-0.35434186,9.442732,-3.3614593
326.19,-0.59376204,9.5385,-3.2273839
326.2,-0.7182605,9.730036,-3.074155
326.21,-0.8619126,9.672575,-2.8060043
326.22,-0.7182605,9.653421,-2.5953147
326.23,-0.5746084,9.5385,-2.5761611
326.24,-0.038307227,9.433155,-2.767697
326.25,0.019153614,9.375694,-2.7102363
326.26,0.20111294,9.394848,-2.633622
326.27,0.33518824,9.414001,-2.6048915
326.28,0.45010993,9.423578,-2.5570073
326.29,0.60333884,9.414001,-2.4995465
326.3,0.6703765,9.433155,-2.5187001
326.31,0.6895301,9.461885,-2.4708161
326.32,0.842759,9.557653,-2.4899697
326.33,1.0247183,9.423578,-2.5187001
326.34,1.2258313,9.356541,-2.3942018
326.35,1.1683705,9.308656,-2.4037786
326.36,1.043872,9.337387,-2.3558946
326.37,0.8331822,9.442732,-2.432509
326.38,0.45010993,9.643845,-2.3942018
326.39,0.1340753,9.701305,-2.3654714
326.4,-0.1340753,9.682152,-2.2122424
326.41,-0.34476504,9.710882,-1.982399
326.42,-0.48841715,9.883265,-1.8195933
326.43,-0.5554548,10.0269165,-1.5227122
326.44,-0.6991069,9.902418,-1.1587936
326.45,-0.9576807,9.931149,-0.7374141
326.46,-1.1492168,10.1226845,-0.89064306
326.47,-1.4269443,10.5440645,-1.4939818
326.48,-1.685518,10.94629,-1.8195933
326.49,-2.030283,10.7356,-1.8100165
326.5,-2.327164,9.998186,-1.5227122
326.51,-2.5953147,9.595961,-0.89064306
326.52,-2.7964275,9.586384,-0.5746084
326.53,-3.0454245,9.940725,-0.29688102
326.54,-4.185065,10.25676,-0.49799395
326.55,-4.5394063,10.189722,-0.9864111
326.56,-4.146757,10.1226845,-1.9153614
326.57,-3.1316159,10.0269165,-2.9783869
326.58,-2.4995465,9.452309,-4.453215
326.59,-2.327164,8.734048,-5.7748146
326.6,-2.5570073,8.255207,-5.947197
326.61,-3.169923,8.101978,-5.583278
326.62,-3.8594532,8.303091,-4.912902
326.63,-4.060566,8.561666,-4.3766007
326.64,-3.6391866,8.619126,-3.9073372
326.65,-2.9975405,8.734048,-3.620033
326.66,-2.2697031,8.858546,-3.3135753
326.67,-1.6280571,8.90643,-3.1316159
326.68,-1.0726024,8.963891,-2.930503
326.69,-0.6512229,9.059659,-2.5378537
326.7,-0.49799395,9.050082,-2.1643584
326.71,-0.30645782,8.925584,-1.8674773
326.72,0.05746084,8.7053175,-1.6376339
326.73,0.6799533,8.561666,-1.388637
326.74,1.4748282,8.513782,-1.1779473
326.75,2.2026656,8.513782,-0.9864111
326.76,3.466804,8.39886,-0.7661445
326.77,4.003105,8.437167,-0.6895301
326.78,4.548983,8.523358,-0.7374141
326.79,5.4300494,8.695741,-1.1013328
326.8,6.2632318,8.858546,-3.1028855
326.81,4.759673,10.04607,-6.0238113
326.82,3.3997664,14.796166,-4.6255975
326.83,1.9728222,17.171215,-1.091756
326.84,-0.2777274,15.916653,0.1436521
326.85,-1.7621324,10.649409,-0.1436521
326.86,-2.0685902,6.5122285,-0.5267244
326.87,-1.2449849,5.046977,-0.39264908
326.88,-0.29688102,5.755661,-0.6512229
326.89,0.30645782,7.785944,-1.3503298
326.9,0.4309563,9.749189,-2.0494366
326.91,0.02873042,10.764331,-2.3750482
326.92,-0.60333884,10.70687,-2.2697031
326.93,-1.0247183,9.940725,-1.8483237
326.94,-0.89064306,8.925584,-1.5993267
326.95,-0.545878,8.350976,-1.8770541
326.96,-0.23942018,8.734048,-2.3080103
326.97,-0.15322891,9.902418,-2.777274
326.98,-0.80445176,10.04607,-3.0358477
326.99,-1.1204864,9.959879,-3.217807
327,-1.3311762,9.720459,-3.2848446
327.01,-1.1587936,9.557653,-3.2752678
327.02,-1.091756,9.289502,-3.3423057
327.03,-0.9576807,9.394848,-3.2273839
327.04,-1.1013328,9.394848,-3.1603463
327.05,-1.3694834,9.442732,-3.217807
327.06,-1.7525556,9.605537,-3.217807
327.07,-1.9632454,9.615114,-3.1507695
327.08,-2.0590134,9.653421,-3.074155
327.09,-2.078167,9.548077,-3.169923
327.1,-1.934515,9.270349,-2.9975405
327.11,-1.8674773,9.375694,-2.9783869
327.12,-1.9057846,9.404425,-2.920926
327.13,-2.0207062,9.519346,-2.920926
327.14,-2.336741,9.672575,-2.873042
327.15,-2.6623523,9.691729,-2.7964275
327.16,-2.873042,9.56723,-2.6623523
327.17,-2.719813,9.586384,-2.6910827
327.18,-2.4995465,9.404425,-2.882619
327.19,-2.4708161,9.375694,-2.882619
327.2,-2.5378537,9.528923,-2.815581
327.21,-2.585738,9.586384,-2.873042
327.22,-2.5570073,9.509769,-3.0454245
327.23,-2.5761611,9.490616,-3.1028855
327.24,-2.6431987,9.528923,-2.8538885
327.25,-2.633622,9.500193,-2.7006595
327.26,-2.5187001,9.500193,-2.9113493
327.27,-2.5474305,9.557653,-3.217807
327.28,-2.681506,9.56723,-3.2369606
327.29,-2.7868507,9.624691,-2.9400797
327.3,-2.8634653,9.452309,-2.9400797
327.31,-2.96881,9.5385,-3.1316159
327.32,-3.1316159,9.682152,-2.920926
327.33,-3.083732,9.720459,-2.6144683
327.34,-2.8443117,9.605537,-2.6719291
327.35,-2.6719291,9.461885,-2.7964275
327.36,-2.6719291,9.557653,-2.7006595
327.37,-2.5474305,9.701305,-2.4229321
327.38,-2.4133554,9.586384,-2.4899697
327.39,-2.2218192,9.433155,-2.767697
327.4,-2.087744,9.461885,-2.8921957
327.41,-2.087744,9.528923,-2.873042
327.42,-2.2122424,9.576807,-2.72939
327.43,-2.231396,9.672575,-2.5570073
327.44,-2.2026656,9.710882,-2.6048915
327.45,-2.1068976,9.701305,-2.767697
327.46,-1.982399,9.701305,-2.72939
327.47,-1.5801731,9.576807,-2.719813
327.48,-1.2737153,9.452309,-2.9017725
327.49,-1.043872,9.3182335,-2.9400797
327.5,-0.93852705,9.279925,-2.8060043
327.51,-0.79487497,9.193734,-2.6144683
327.52,-0.60333884,9.011775,-2.432509
327.53,-0.47884035,8.944737,-2.27928
327.54,-0.4309563,9.165004,-2.3080103
327.55,-0.45968673,9.519346,-2.2697031
327.56,-0.4405331,9.921572,-2.1643584
327.57,-0.22026655,10.1226845,-2.1930888
327.58,0.22984336,10.04607,-2.3175871
327.59,0.842759,9.662998,-2.4995465
327.6,1.4269443,9.308656,-2.6431987
327.61,1.7142484,9.021352,-2.6623523
327.62,1.8962077,8.954314,-2.6527755
327.63,1.9536686,9.050082,-2.6623523
327.64,1.9536686,9.165004,-2.681506
327.65,1.8866309,9.308656,-2.6048915
327.66,1.7525556,9.404425,-2.336741
327.67,1.934515,9.672575,-2.528277
327.68,2.0685902,9.80665,-2.4708161
327.69,2.078167,9.883265,-2.336741
327.7,2.2409728,9.768343,-1.9632454
327.71,2.3654714,9.682152,-1.6663644
327.72,2.5570073,9.500193,-1.436521
327.73,2.6431987,9.270349,-1.2066777
327.74,2.6527755,9.030929,-1.0151415
327.75,2.6623523,8.810662,-0.79487497
327.76,2.7006595,8.714894,-0.58418524
327.77,2.815581,8.695741,-0.46926352
327.78,3.0071173,8.781932,-0.50757074
327.79,3.371036,8.619126,-1.1300632
327.8,3.3901896,8.513782,-1.4460979
327.81,3.265691,8.42759,-1.7046716
327.82,2.920926,8.456321,-1.8483237
327.83,2.5474305,8.628703,-1.8770541
327.84,2.1068976,9.021352,-1.7238252
327.85,1.685518,9.5385,-1.4173675
327.86,1.3311762,10.199299,-1.091756
327.87,0.92895025,10.898406,-0.6991069
327.88,0.48841715,11.319786,-0.45010993
327.89,0.06703765,11.233594,-0.34476504
327.9,-0.1340753,10.754754,-0.48841715
327.91,-0.076614454,10.237606,-0.78529817
327.92,0.1340753,9.749189,-1.0630256
327.93,0.33518824,9.433155,-1.3024458
327.94,0.60333884,9.414001,-1.4748282
327.95,0.6799533,9.548077,-1.532289
327.96,0.6895301,9.758766,-1.5131354
327.97,0.59376204,9.959879,-1.484405
327.98,0.47884035,10.132261,-1.3694834
327.99,0.39264908,10.199299,-1.283292
