101.18,0.20111294,-0.91937345,8.1402855
101.19,0.20111294,-1.0055647,7.9391727
101.2,0.11492168,-1.1204864,7.7093296
101.21,-0.15322891,-1.5897499,7.2304893
101.22,-0.23942018,-1.8483237,6.9623384
101.23,-0.24899697,-2.0398598,6.751649
101.24,-0.30645782,-2.078167,6.6750345
101.25,-0.38307226,-2.0590134,6.655881
101.26,-0.5650316,-2.0973208,6.6367273
101.27,-0.79487497,-2.2026656,6.6175733
101.28,-0.9576807,-2.384625,6.5601125
101.29,-1.0726024,-2.5187001,6.5505357
101.3,-1.1013328,-2.681506,6.4739213
101.31,-1.1013328,-2.72939,6.3781533
101.32,-1.13964,-2.7006595,6.339846
101.33,-1.1300632,-2.6623523,6.339846
101.34,-1.2066777,-2.6719291,6.3111157
101.35,-1.3024458,-2.7485435,6.3206925
101.36,-1.4652514,-2.8538885,6.349423
101.37,-1.5610195,-3.0550013,6.38773
101.38,-1.5993267,-3.1411927,6.4643445
101.39,-1.5705963,-3.1411927,6.493075
101.4,-1.484405,-3.122039,6.5601125
101.41,-1.4173675,-3.1028855,6.6175733
101.42,-1.388637,-3.122039,6.6654577
101.43,-1.388637,-3.1794999,6.751649
101.44,-1.4652514,-3.2752678,6.7708025
101.45,-1.4939818,-3.3614593,6.9144545
101.46,-1.541866,-3.3997664,7.0485296
101.47,-1.6280571,-3.41892,7.1826053
101.48,-1.7717092,-3.4572272,7.2687964
101.49,-1.8962077,-3.466804,7.4028716
101.5,-1.9632454,-3.5434184,7.4028716
101.51,-2.030283,-3.6391866,7.3549876
101.52,-2.135628,-3.6966474,7.383718
101.53,-2.231396,-3.7349546,7.441179
101.54,-2.2888567,-3.8402996,7.422025
101.55,-2.2505496,-3.9360676,7.5465236
101.56,-2.4612393,-3.964798,7.6710224
101.57,-2.5474305,-4.0222588,7.73806
101.58,-2.585738,-3.9935284,7.776367
101.59,-2.6719291,-3.9360676,7.824251
101.6,-2.7389667,-3.8881836,7.9104424
101.61,-2.882619,-3.821146,7.7667904
101.62,-2.6431987,-3.8786068,7.5561004
101.63,-2.6431987,-3.8881836,7.5561004
101.64,-2.72939,-3.8019924,7.5561004
101.65,-2.7868507,-3.8402996,7.479486
101.66,-2.930503,-3.8977604,7.393295
101.67,-3.083732,-4.012682,7.345411
101.68,-3.3039982,-4.0892963,7.489063
101.69,-3.8115692,-3.9839516,8.408437
101.7,-4.4340615,-3.8115692,8.130709
101.71,-4.6926355,-3.916914,7.9104424
101.72,-4.7309427,-4.213795,8.121132
101.73,-4.8841715,-4.4244847,8.350976
101.74,-5.1523223,-4.4244847,8.456321
101.75,-5.535394,-4.3382936,8.781932
101.76,-6.215348,-4.213795,9.040505
101.77,-7.1155677,-4.2042184,9.337387
101.78,-9.758766,-4.357447,10.46745
101.79,-11.405977,-4.1659107,11.587936
101.8,-13.474567,-3.6870706,12.603078
101.81,-15.619772,-2.8921957,12.315774
101.82,-17.324444,-1.8770541,10.457873
101.83,-18.32043,-0.78529817,7.1634517
101.84,-18.80885,0.21068975,2.480393
101.85,-18.588581,0.7565677,-3.4572272
101.86,-17.295713,0.8523358,-9.739613
101.87,-14.939818,0.6607997,-14.633361
101.88,-11.654974,-0.20111294,-17.085024
101.89,-7.201759,-1.8004397,-18.310854
101.9,-1.0726024,-3.8307228,-18.92377
101.91,5.93762,-6.042965,-19.230228
101.92,12.152967,-7.2209125,-19.383457
101.93,15.600618,-6.1195793,-19.460072
101.94,15.725117,-5.0182467,-19.498379
101.95,13.752295,-4.9799395,-17.96609
101.96,10.936713,-5.506664,-15.667656
101.97,8.504205,-5.650316,-12.74673
101.98,6.655881,-5.3342814,-9.844957
101.99,5.3247046,-4.9224787,-8.485051
102,4.76925,-4.759673,-8.341399
102.01,4.9895163,-5.0374002,-9.308656
102.02,5.947197,-5.5737014,-11.15698
102.03,7.52737,-6.1100025,-12.832921
102.04,9.193734,-6.339846,-14.997279
102.05,11.109096,-6.4068837,-16.76899
102.06,12.612655,-6.291962,-18.148048
102.07,12.5743475,-6.033388,-18.83758
102.08,10.783484,-5.631162,-19.182344
102.09,7.4603324,-5.00867,-19.354727
102.1,3.5051112,-3.9073372,-19.440918
102.11,-0.40222588,-2.6431987,-19.488802
102.12,-4.367024,-1.4556746,-19.507956
102.13,-8.379706,-0.63206923,-19.517532
102.14,-11.923124,0.019153614,-19.52711
102.15,-15.006856,0.59376204,-18.301277
102.16,-17.266983,0.90021986,-14.566323
102.17,-18.962078,0.37349546,-11.827356
102.18,-19.249382,-1.0534488,-9.11712
102.19,-19.393034,-0.7469909,0.38307226
102.2,-19.460072,0.842759,7.4028716
102.21,-19.498379,0.81402856,9.337387
102.22,-19.517532,-0.47884035,9.126697
102.23,-19.507956,-1.7812861,8.2169
102.24,-18.32043,-2.4133554,7.690176
102.25,-16.82645,-2.4133554,6.646304
102.26,-15.188815,-2.087744,5.746084
102.27,-13.88637,-1.8291701,5.2385135
102.28,-13.589489,-1.8100165,5.5641246
102.29,-14.939818,-2.1260512,6.3781533
102.3,-17.238253,-2.585738,7.8146744
102.31,-18.387468,-2.96881,8.868123
102.32,-18.962078,-2.9879637,8.724471
102.33,-19.249382,-2.432509,6.7133417
102.34,-19.393034,-1.2066777,2.681506
102.35,-19.460072,0.35434186,-2.384625
102.36,-19.498379,1.7812861,-7.833828
102.37,-19.517532,2.7389667,-13.474567
102.38,-19.52711,2.920926,-16.500837
102.39,-19.52711,2.3080103,-18.013973
102.4,-18.751389,0.7565677,-18.770542
102.41,-7.536947,-5.5258174,-19.34515
102.42,1.0151415,-10.697293,-19.440918
102.43,8.054094,-11.693281,-19.488802
102.44,12.641385,-8.504205,-19.507956
102.45,14.796166,-5.3438582,-18.44493
102.46,11.051635,-5.410896,-16.883911
102.47,7.565677,-6.291962,-14.441825
102.48,4.7884035,-6.081272,-10.295067
102.49,2.4899697,-5.0757074,-6.4260373
102.5,0.05746084,-4.050989,-5.449203
102.51,-1.2737153,-3.7924154,-6.2345014
102.52,-0.62249243,-4.5681367,-9.059659
102.53,1.6663644,-5.985504,-12.392388
102.54,5.3725886,-7.3645644,-14.049175
102.55,9.653421,-7.565677,-15.725117
102.56,13.704411,-6.6271505,-17.630901
102.57,15.629349,-5.2480903,-18.579004
102.58,13.177686,-4.3382936,-19.057846
102.59,7.872135,-3.7924154,-19.297266
102.6,2.231396,-3.3806129,-19.412188
102.61,-2.2505496,-2.834735,-19.469648
102.62,-5.7365074,-2.2409728,-19.498379
102.63,-9.299079,-1.6472107,-19.517532
102.64,-12.650962,-0.9768343,-19.52711
102.65,-16.021997,-0.2777274,-19.52711
102.66,-17.774553,0.21068975,-19.52711
102.67,-18.65562,0.1340753,-18.47366
102.68,-19.096153,-1.1300632,-15.95496
102.69,-19.31642,-2.3942018,-9.385271
102.7,-19.421764,-0.9959879,2.3750482
102.71,-19.479225,2.3463178,10.218452
102.72,-19.507956,3.466804,12.813767
102.73,-19.517532,2.030283,11.971008
102.74,-18.090588,-1.3024458,8.6574335
102.75,-16.136919,-2.3080103,6.033388
102.76,-13.656527,-2.7868507,3.8594532
102.77,-11.36767,-2.9017725,2.9783869
102.78,-10.486604,-3.083732,3.074155
102.79,-12.028469,-3.3901896,4.7979803
102.8,-15.667656,-3.763685,7.9391727
102.81,-17.60217,-4.003105,11.415554
102.82,-18.569427,-3.6583402,12.717999
102.83,-19.04827,-2.5091233,10.295067
102.84,-19.28769,-0.6991069,4.146757
102.85,-19.412188,1.0247183,-3.4763808
102.86,-19.469648,2.3080103,-10.754754
102.87,-19.498379,3.0071173,-15.140931
102.88,-19.517532,2.8921957,-17.33402
102.89,-19.52711,1.8770541,-18.435352
102.9,-19.52711,-0.076614454,-18.981232
102.91,-16.922218,-2.5474305,-19.258959
102.92,-10.084377,-4.912902,-19.393034
102.93,-0.15322891,-10.496181,-19.460072
102.94,9.078813,-14.489709,-19.498379
102.95,14.30775,-10.840945,-19.517532
102.96,16.922218,-6.081272,-19.52711
102.97,15.7825775,-4.0892963,-17.975666
102.98,11.587936,-4.76925,-15.7825775
102.99,6.531382,-5.9184666,-13.8959465
103,2.825158,-6.3111157,-9.797073
103.01,-0.16280572,-6.1195793,-7.192182
103.02,-2.1739352,-5.4779334,-6.5122285
103.03,-2.1164744,-4.865018,-7.3166804
103.04,0.22984336,-4.817134,-9.634268
103.05,3.8402996,-5.3342814,-12.469003
103.06,8.523358,-6.042965,-14.480132
103.07,16.213533,-5.257667,-17.908628
103.08,14.432248,-4.606444,-18.722658
103.09,9.768343,-4.2521024,-19.124884
103.1,4.711789,-3.86903,-19.325996
103.11,0.45968673,-3.2848446,-19.431341
103.12,-2.9400797,-2.528277,-19.479225
103.13,-5.7843914,-1.4077905,-19.507956
103.14,-8.456321,-0.17238252,-19.268536
103.15,-11.243171,0.6607997,-18.636467
103.16,-14.681245,1.091756,-18.636467
103.17,-17.104177,1.0534488,-18.521544
103.18,-18.32043,0.5363012,-15.677233
103.19,-18.92377,-0.9959879,-13.273455
103.2,-19.230228,-1.8770541,-6.588843
103.21,-19.383457,-0.11492168,3.3518825
103.22,-19.460072,2.8634653,9.452309
103.23,-19.498379,2.9592333,10.754754
103.24,-19.517532,1.3024458,9.682152
103.25,-19.52711,-0.5650316,7.7093296
103.26,-17.707516,-1.9919758,5.506664
103.27,-15.342045,-3.0071173,3.4859576
103.28,-13.474567,-3.6391866,2.2218192
103.29,-13.034034,-3.9073372,2.4420857
103.3,-15.150508,-3.964798,4.367024
103.31,-17.343597,-3.6966474,7.9966335
103.32,-18.435352,-3.2848446,10.821792
103.33,-18.981232,-2.5953147,10.6877165
103.34,-19.258959,-1.3694834,7.1251445
103.35,-19.393034,0.19153613,1.2354081
103.36,-19.460072,1.7621324,-5.1810527
103.37,-19.498379,3.064578,-11.865664
103.38,-19.517532,3.8498764,-15.696386
103.39,-19.52711,3.6966474,-17.611748
103.4,-19.52711,2.384625,-18.569427
103.41,-16.290148,-2.432509,-19.28769
103.42,-7.8529816,-5.00867,-19.412188
103.43,3.2082303,-12.26789,-19.469648
103.44,11.377247,-14.81532,-19.498379
103.45,15.456966,-9.059659,-19.517532
103.46,16.883911,-4.175488,-18.971655
103.47,13.8480625,-2.5761611,-16.596605
103.48,8.7053175,-3.2465374,-14.595054
103.49,3.9264908,-4.261679,-10.745177
103.5,0.12449849,-4.8841715,-6.83784
103.51,-2.7485435,-4.9320555,-5.056554
103.52,-3.715801,-4.548983,-5.631162
103.53,-1.8483237,-4.280833,-7.690176
103.54,1.5705963,-4.807557,-10.668563
103.55,5.90889,-5.9280434,-13.129802
103.56,11.070788,-6.6750345,-15.284584
103.57,15.303738,-5.9280434,-17.180792
103.58,16.845604,-4.7405195,-18.358738
103.59,12.852075,-4.232949,-18.942924
103.6,6.445191,-4.3382936,-19.239805
103.61,0.39264908,-4.0318356,-19.383457
103.62,-4.4244847,-3.3135753,-19.460072
103.63,-8.6095495,-2.2122424,-19.498379
103.64,-12.354081,-0.79487497,-19.517532
103.65,-15.907076,0.36391866,-19.52711
103.66,-17.717093,0.63206923,-19.52711
103.67,-18.626888,0.30645782,-19.52711
103.68,-19.077,-1.1492168,-18.100164
103.69,-19.306843,-3.5242648,-8.647857
103.7,-19.421764,-2.231396,5.449203
103.71,-19.479225,2.8060043,12.497733
103.72,-19.507956,6.0238113,14.595054
103.73,-18.08101,3.6391866,7.1634517
103.74,-15.50485,0.78529817,3.9839516
103.75,-12.583924,-2.0111294,2.0015526
103.76,-9.883265,-4.156334,1.7812861
103.77,-8.868123,-5.2385135,2.6527755
103.78,-10.582372,-5.085284,5.449203
103.79,-14.748282,-4.2904096,8.810662
103.8,-17.142485,-3.2848446,12.679692
103.81,-18.339584,-2.2122424,14.480132
103.82,-18.933348,-1.0247183,11.980585
103.83,-19.230228,0.2873042,5.8226986
103.84,-19.383457,1.5610195,-1.2545617
103.85,-19.460072,2.7102363,-8.255207
103.86,-19.498379,3.2465374,-13.8959465
103.87,-19.517532,2.873042,-16.711529
103.88,-19.52711,1.4556746,-18.119318
103.89,-19.16319,-0.9768343,-18.828003
103.9,-13.570335,-3.5529952,-19.182344
103.91,-4.1180267,-8.341399,-19.354727
103.92,12.287044,-11.836933,-19.488802
103.93,15.840038,-6.493075,-19.507956
103.94,15.859192,-3.1794999,-18.32043
103.95,12.852075,-2.930503,-16.40507
103.96,8.90643,-4.0797195,-14.221559
103.97,5.2385135,-4.9416323,-11.549629
103.98,2.681506,-5.1810527,-8.628703
103.99,0.93852705,-5.056554,-7.1155677
104,0.11492168,-4.960786,-8.37013
104.01,1.340753,-5.401319,-11.204864
104.02,4.8745947,-6.397307,-12.545617
104.03,10.601525,-6.943185,-14.15452
104.04,15.073894,-6.1195793,-16.385916
104.05,17.30529,-4.606444,-17.956512
104.06,14.240712,-3.3997664,-18.741812
104.07,6.8186865,-2.7006595,-19.13446
104.08,-1.4652514,-2.1068976,-19.335573
104.09,-8.236053,-1.3790601,-19.431341
104.1,-13.88637,-0.641646,-19.479225
104.11,-16.711529,-0.047884032,-19.507956
104.12,-18.119318,0.10534488,-19.517532
104.13,-18.828003,-0.6703765,-19.52711
104.14,-19.182344,-3.8402996,-15.753847
104.15,-19.354727,-4.223372,1.8962077
104.16,-19.440918,2.0494366,10.716447
104.17,-19.488802,9.385271,15.131354
104.18,-16.816874,6.0046577,6.5218053
104.19,-13.40753,1.1875241,2.4037786
104.2,-9.481039,-3.2561142,-0.06703765
104.21,-6.1100025,-6.167464,-1.733402
104.22,-4.357447,-6.5696893,-1.9728222
104.23,-5.1523223,-5.142745,0.22984336
104.24,-8.513782,-3.7253778,4.4436383
104.25,-14.020445,-3.0454245,9.749189
104.26,-16.778566,-3.064578,14.642938
104.27,-18.157625,-2.8921957,16.903065
104.28,-18.847157,-1.8195933,13.723564
104.29,-19.191921,-0.58418524,8.025364
104.3,-19.364304,0.49799395,2.528277
104.31,-19.450495,1.3599066,-1.6472107
104.32,-19.488802,2.135628,-5.085284
104.33,-19.507956,2.719813,-8.293514
104.34,-19.517532,2.6719291,-11.224017
104.35,-19.52711,1.7812861,-14.767436
104.36,-18.789696,-0.38307226,-17.152061
104.37,-16.079458,-3.5913026,-18.339584
104.38,-11.195287,-7.0964136,-18.933348
104.39,-5.094861,-9.174581,-19.230228
104.4,0.78529817,-8.628703,-19.383457
104.41,5.267244,-6.4547677,-19.460072
104.42,8.111555,-4.175488,-19.268536
104.43,9.787497,-2.8634653,-17.48725
104.44,10.0269165,-2.825158,-15.993267
104.45,9.14585,-3.5817258,-14.518439
104.46,7.7093296,-4.2904096,-12.641385
104.47,5.3821654,-4.5777135,-8.772355
104.48,4.5202527,-4.5872903,-8.7053175
104.49,4.548983,-5.0278234,-10.237606
104.5,5.93762,-5.7843914,-11.702858
104.51,8.149862,-6.0716953,-12.957419
104.52,10.984597,-5.602432,-14.259866
104.53,13.283031,-4.5872903,-16.261417
104.54,13.742718,-3.7541082,-17.899052
104.55,11.176133,-3.6583402,-18.713081
104.56,6.540959,-3.9264908,-19.124884
104.57,0.842759,-3.8786068,-19.325996
104.58,-4.596867,-3.1794999,-19.431341
104.59,-9.414001,-2.1068976,-19.440918
104.6,-13.742718,-1.13964,-19.067423
104.61,-16.634912,-0.4405331,-17.803284
104.62,-18.08101,-0.2681506,-14.15452
104.63,-18.80885,-0.5554548,-9.528923
104.64,-19.172768,-1.1875241,-3.3135753
104.65,-19.354727,-0.21068975,6.38773
104.66,-19.440918,2.3942018,12.966996
104.67,-19.488802,4.3478703,16.25184
104.68,-18.176779,3.9264908,14.164097
104.69,-15.571888,2.0111294,10.266336
104.7,-13.129802,-0.2873042,6.7612257
104.71,-11.501745,-2.2697031,4.5298295
104.72,-10.879252,-3.2561142,3.6870706
104.73,-11.118672,-3.064578,4.261679
104.74,-13.972561,-1.8674773,8.2169
104.75,-16.577452,-2.0494366,10.898406
104.76,-18.05228,-2.4899697,13.148955
104.77,-18.789696,-2.384625,13.206416
104.78,-19.16319,-1.532289,11.281479
104.79,-19.34515,-0.25857377,8.0924015
104.8,-19.440918,1.0151415,4.606444
104.81,-19.488802,2.0685902,0.63206923
104.82,-19.517532,2.8060043,-8.456321
104.83,-19.52711,2.3080103,-13.9917145
104.84,-19.52711,0.8523358,-16.759413
104.85,-18.914194,-1.4077905,-18.148048
104.86,-13.88637,-4.232949,-18.83758
104.87,-5.00867,-8.121132,-19.182344
104.88,3.7828386,-11.9135475,-19.354727
104.89,9.921572,-11.061212,-19.440918
104.9,12.593501,-7.249643,-19.488802
104.91,12.909535,-4.0222588,-18.425776
104.92,11.358093,-3.083732,-17.123331
104.93,8.801085,-3.9073372,-15.658079
104.94,5.985504,-5.161899,-14.528016
104.95,4.1946416,-5.93762,-11.530476
104.96,2.9783869,-6.033388,-9.404425
104.97,1.8387469,-5.803545,-9.385271
104.98,1.7142484,-5.717354,-10.630256
104.99,2.96881,-6.090849,-12.430696
105,5.305551,-6.5601125,-13.666103
105.01,8.523358,-6.540959,-14.489709
105.02,11.434708,-5.7748146,-15.610195
105.03,12.047623,-4.721366,-17.57344
105.04,9.270349,-4.003105,-18.550274
105.05,4.7022123,-3.5529952,-19.038692
105.06,-0.49799395,-3.1028855,-19.28769
105.07,-5.3821654,-2.336741,-19.412188
105.08,-9.873688,-1.1013328,-19.469648
105.09,-13.9151,0.19153613,-19.498379
105.1,-16.721106,0.8714894,-19.517532
105.11,-18.128895,0.9864111,-19.52711
105.12,-18.828003,-0.05746084,-18.569427
105.13,-19.354727,-3.1316159,-1.292869
105.14,-19.440918,0.35434186,9.126697
105.15,-19.488802,5.046977,13.062764
105.16,-19.507956,6.5984197,12.143391
105.17,-19.28769,5.133168,9.222465
105.18,-17.84159,2.4229321,6.4164605
105.19,-15.456966,-0.50757074,3.7541082
105.2,-12.612655,-2.825158,1.8100165
105.21,-9.816227,-4.3287168,1.1204864
105.22,-8.226477,-4.903325,1.5705963
105.23,-9.222465,-4.6255975,3.964798
105.24,-12.765883,-3.8115692,7.0485296
105.25,-16.146496,-2.9592333,11.21444
105.26,-17.84159,-2.327164,13.8480625
105.27,-18.684351,-1.7525556,13.67568
105.28,-19.10573,-0.93852705,10.419566
105.29,-19.31642,-0.02873042,5.4300494
105.3,-19.421764,1.0342951,0.33518824
105.31,-19.479225,2.1260512,-4.280833
105.32,-19.507956,2.7964275,-9.088389
105.33,-19.517532,2.7868507,-13.838486
105.34,-19.52711,2.0685902,-16.682798
105.35,-19.115307,0.2873042,-18.109741
105.36,-16.069881,-2.183512,-18.818426
105.37,-10.1226845,-4.7788267,-19.172768
105.38,-1.1492168,-10.429143,-19.354727
105.39,8.389283,-14.231135,-19.440918
105.4,13.962984,-11.118672,-19.488802
105.41,16.749836,-6.3206925,-19.450495
105.42,15.763424,-3.620033,-17.085024
105.43,12.392388,-3.514688,-15.05474
105.44,8.523358,-4.510676,-13.120225
105.45,5.3725886,-5.1810527,-10.524911
105.46,1.5801731,-5.094861,-7.795521
105.47,1.4077905,-4.817134,-8.149862
105.48,2.633622,-4.8458643,-10.065224
105.49,4.9799395,-5.391742,-11.903971
105.5,8.389283,-5.861006,-13.40753
105.51,12.516887,-5.602432,-14.326903
105.52,14.585477,-4.999093,-16.290148
105.53,12.50731,-4.5394063,-17.908628
105.54,8.1881695,-4.098873,-18.722658
105.55,2.930503,-3.4093432,-19.124884
105.56,-1.8387469,-2.4420857,-18.981232
105.57,-5.841852,-1.2737153,-18.397045
105.58,-9.097966,-0.45968673,-17.51598
105.59,-12.4785795,0.1340753,-15.380352
105.6,-16.002844,0.08619126,-12.98615
105.61,-17.764977,-0.79487497,-10.783484
105.62,-18.646044,-2.1452048,-7.7093296
105.63,-19.086576,-3.0358477,-1.1971009
105.64,-19.306843,-1.043872,6.9240313
105.65,-19.421764,3.1794999,11.195287
105.66,-19.479225,5.2768207,11.176133
105.67,-18.167202,4.1276035,8.8777
105.68,-16.49126,1.541866,6.9719152
105.69,-14.60463,-1.1971009,5.4204726
105.7,-12.306197,-3.1411927,4.5298295
105.71,-10.0269165,-3.9073372,4.4723687
105.72,-8.734048,-3.514688,5.391742
105.73,-9.864111,-2.5953147,7.6614456
105.74,-13.599066,-1.8674773,10.28549
105.75,-16.567875,-1.5035586,12.555194
105.76,-18.05228,-1.2449849,13.503298
105.77,-18.789696,-0.90021986,11.559206
105.78,-19.16319,-0.23942018,6.933608
105.79,-19.440918,1.7238252,-3.6391866
105.8,-19.488802,2.4516625,-9.279925
105.81,-19.507956,2.566584,-14.403518
105.82,-19.517532,1.9728222,-16.970102
105.83,-19.52711,0.58418524,-18.253393
105.84,-17.24783,-1.340753,-18.89504
105.85,-11.865664,-3.3806129,-19.211075
105.86,-2.7389667,-6.14831,-19.37388
105.87,8.283937,-12.842498,-19.450495
105.88,13.9151,-14.4130945,-19.488802
105.89,16.730682,-10.1226845,-19.507956
105.9,16.721106,-6.167464,-18.368315
105.91,13.982138,-4.4915223,-15.102624
105.92,9.911995,-4.644751,-11.57836
105.93,5.48751,-5.267244,-8.829816
105.94,1.4652514,-5.6790466,-6.8665705
105.95,-1.2354081,-5.631162,-6.0525417
105.96,-1.7525556,-5.2768207,-6.6175733
105.97,0.15322891,-5.1810527,-8.686164
105.98,3.3327289,-5.8705826,-11.224017
105.99,7.2687964,-7.019799,-13.388376
106,11.81778,-7.5082164,-15.44739
106.01,15.677233,-6.5601125,-17.113754
106.02,16.539145,-4.999093,-18.32043
106.03,12.392388,-4.012682,-18.92377
106.04,6.1866174,-3.6870706,-19.230228
106.05,-0.05746084,-3.2848446,-19.383457
106.06,-5.3438582,-2.4612393,-19.460072
106.07,-9.107543,-1.283292,-19.488802
106.08,-11.693281,-0.076614454,-18.301277
106.09,-14.144943,0.7565677,-16.079458
106.1,-18.186356,0.7182605,-11.894394
106.11,-18.856733,-0.38307226,-9.308656
106.12,-19.191921,-1.6950948,-5.813122
106.13,-19.364304,-1.4460979,1.532289
106.14,-19.450495,1.5514427,7.383718
106.15,-19.488802,5.410896,9.241618
106.16,-19.507956,6.033388,9.040505
106.17,-17.496826,0.17238252,5.2480903
106.18,-15.485697,-2.5378537,3.715801
106.19,-13.110648,-3.8881836,2.5953147
106.2,-11.061212,-3.8786068,2.0494366
106.21,-10.180145,-3.0933087,2.5187001
106.22,-14.403518,-2.6048915,6.5984197
106.23,-16.970102,-3.074155,9.155427
106.24,-18.253393,-3.0358477,10.668563
106.25,-19.211075,-0.8331822,8.734048
106.26,-19.37388,0.31603462,5.094861
106.27,-19.450495,1.4652514,0.8331822
106.28,-19.488802,2.6910827,-3.4093432
106.29,-19.507956,3.6870706,-8.379706
106.3,-19.517532,3.9743748,-13.857639
106.31,-19.52711,3.217807,-16.692375
106.32,-19.52711,1.532289,-18.109741
106.33,-17.956512,-0.82360536,-18.818426
106.34,-12.306197,-3.0550013,-19.172768
106.35,-2.327164,-8.561666,-19.354727
106.36,13.876793,-12.679692,-19.488802
106.37,13.876793,-12.679692,-19.488802
106.38,14.968549,-4.462792,-18.243816
106.39,8.312668,-4.855441,-13.215993
106.4,5.2768207,-5.6982,-10.342952
106.41,2.4516625,-5.889736,-8.418014
106.42,0.50757074,-5.535394,-7.52737
106.43,0.29688102,-5.104438,-7.680599
106.44,1.8483237,-5.0757074,-9.634268
106.45,4.6160207,-5.631162,-11.779472
106.46,8.197746,-6.2345014,-13.685257
106.47,12.29662,-6.14831,-15.284584
106.48,15.600618,-5.2768207,-17.314867
106.49,14.633361,-4.5202527,-18.425776
106.5,9.883265,-4.2042184,-18.981232
106.51,4.4819455,-3.8115692,-19.258959
106.52,-0.81402856,-3.122039,-19.393034
106.53,-5.1810527,-2.0685902,-18.684351
106.54,-8.485051,-0.93852705,-17.209522
106.55,-10.927136,-0.095768064,-15.332468
106.56,-13.464991,0.23942018,-13.350069
106.57,-16.49126,0.076614454,-11.319786
106.58,-18.013973,-0.7374141,-8.935161
106.59,-18.770542,-2.5378537,-5.8322754
106.6,-19.153614,-4.050989,0.16280572
106.61,-19.440918,0.4405331,11.894394
106.62,-19.40261,3.169923,11.645397
106.63,-17.458519,3.6008794,9.864111
106.64,-15.409082,2.2409728,7.6231384
106.65,-13.330915,0.12449849,5.592855
106.66,-10.927136,-1.9440918,4.0318356
106.67,-8.24563,-3.5338416,2.96881
106.68,-5.3342814,-4.5681367,2.633622
106.69,-2.5474305,-4.855441,2.633622
106.7,-0.48841715,-4.3957543,2.5378537
106.71,0.33518824,-3.323152,2.834735
106.72,-0.30645782,-2.432509,3.2369606
106.73,-1.9536686,-2.183512,3.41892
106.74,-3.8307228,-2.6431987,3.8977604
106.75,-5.315128,-3.5434184,4.9895163
106.76,-6.588843,-4.309563,6.0621185
106.77,-7.5944076,-4.6255975,6.981492
106.78,-8.025364,-4.3382936,7.651869
106.79,-7.7572136,-3.5625722,8.101978
106.8,-7.1059904,-2.8921957,8.130709
106.81,-6.291962,-2.5091233,7.785944
106.82,-5.4683566,-2.6527755,7.1826053
106.83,-4.644751,-3.0262709,6.799533
106.84,-3.916914,-3.4284968,6.6175733
106.85,-3.41892,-3.5051112,6.5218053
106.86,-3.2465374,-3.169923,6.5696893
106.87,-3.2273839,-2.5570073,6.655881
106.88,-3.371036,-2.0398598,6.751649
106.89,-3.7062242,-1.9153614,7.2304893
106.9,-3.8402996,-2.1068976,7.651869
106.91,-3.9935284,-2.2026656,7.9870567
106.92,-4.1659107,-2.1452048,8.274361
106.93,-4.280833,-1.8962077,8.379706
106.94,-4.280833,-1.5131354,8.121132
106.95,-3.9360676,-1.1683705,7.728483
106.96,-3.4476504,-1.0247183,7.201759
106.97,-3.0262709,-1.2066777,6.655881
106.98,-2.6910827,-1.6567876,6.588843
106.99,-2.3942018,-2.0973208,6.9719152
107,-2.2409728,-2.2505496,7.345411
107.01,-2.2601264,-2.1164744,7.52737
107.02,-2.1739352,-1.733402,7.575254
107.03,-2.0685902,-1.3599066,7.240066
107.04,-1.3694834,-1.7621324,6.6079965
107.05,-1.0342951,-2.2984335,6.5505357
107.06,-0.90021986,-2.6623523,6.943185
107.07,-0.93852705,-2.585738,7.5848308
107.08,-1.091756,-1.9728222,8.101978
107.09,-1.2641385,-1.1587936,8.379706
107.1,-1.3503298,-0.58418524,8.331821
107.11,-1.2162545,-0.41180268,8.264784
107.12,-0.90979666,-0.6991069,8.264784
107.13,-0.49799395,-1.1300632,8.169016
107.14,-0.20111294,-1.5993267,8.350976
107.15,-0.019153614,-1.8387469,8.724471
107.16,-0.009576807,-1.7812861,9.3661175
107.17,-0.25857377,-1.436521,9.883265
107.18,-0.46926352,-1.1300632,10.036493
107.19,-0.38307226,-1.1300632,9.816227
107.2,0.06703765,-1.532289,9.528923
107.21,0.58418524,-2.0685902,9.3661175
107.22,1.0247183,-2.6048915,9.433155
107.23,1.2066777,-2.834735,9.701305
107.24,0.9959879,-2.6144683,10.0748005
107.25,0.51714754,-2.183512,10.409989
107.26,-0.05746084,-1.7908629,10.67814
107.27,-0.45968673,-1.6759412,10.697293
107.28,-0.545878,-1.7908629,10.668563
107.29,-0.22984336,-2.0494366,10.43872
107.3,-0.12449849,-1.8291701,10.371682
107.31,-0.18195933,-1.2641385,10.43872
107.32,-0.46926352,-1.4269443,10.5440645
107.33,-0.78529817,-1.6567876,10.620679
107.34,-0.8523358,-1.9057846,10.658986
107.35,-0.91937345,-2.030283,10.70687
107.36,-0.9768343,-2.0111294,10.611102
107.37,-1.2449849,-1.9728222,10.457873
107.38,-1.5227122,-1.9057846,10.28549
107.39,-1.6663644,-1.8579005,10.352529
107.4,-1.8100165,-1.8195933,10.505757
107.41,-1.8195933,-1.6184803,10.611102
107.42,-1.7046716,-1.3215994,10.630256
107.43,-1.4748282,-2.3175871,13.206416
107.44,-1.7525556,-1.9919758,16.376339
107.45,-2.920926,-0.4309563,17.956512
107.46,-3.9743748,-0.2777274,18.713081
107.47,-3.8307228,-1.5131354,15.073894
107.48,-2.6910827,-2.7006595,11.60709
107.49,-1.0151415,-2.3558946,10.1226845
107.5,0.038307227,-1.3982137,8.580819
107.51,0.7182605,-0.47884035,8.00621
107.52,1.0151415,-0.1340753,7.9487495
107.53,0.82360536,-0.46926352,8.293514
107.54,0.16280572,-1.1587936,8.647857
107.55,-0.41180268,-1.6567876,8.944737
107.56,-0.641646,-1.7908629,9.165004
107.57,-0.59376204,-1.7046716,9.279925
107.58,-0.45010993,-1.6376339,9.155427
107.59,-0.2873042,-1.484405,9.165004
107.6,-0.25857377,-1.4652514,9.11712
107.61,-0.31603462,-1.2449849,9.289502
107.62,-0.4309563,-1.13964,9.471462
